0 verbose cli /usr/local/bin/node /usr/src/node-red/node_modules/npm/bin/npm-cli.js
1 info using npm@10.9.8
2 info using node@v20.20.2
3 silly config load:file:/usr/src/node-red/node_modules/npm/npmrc
4 silly config load:file:/data/.npmrc
5 silly config load:file:/usr/src/node-red/.npmrc
6 silly config load:file:/usr/local/etc/npmrc
7 verbose title npm install node-red-contrib-telegrambot@17.4.12
8 verbose argv "install" "--no-audit" "--no-update-notifier" "--no-fund" "--save" "--save-prefix" "~" "--omit" "dev" "--engine-strict" "--" "node-red-contrib-telegrambot@17.4.12"
9 verbose logfile logs-max:10 dir:/data/.npm/_logs/2026-05-29T17_17_39_831Z-
10 verbose logfile /data/.npm/_logs/2026-05-29T17_17_39_831Z-debug-0.log
11 silly logfile done cleaning log files
12 silly packumentCache heap:2197815296 maxSize:549453824 maxEntrySize:274726912
13 silly idealTree buildDeps
14 silly fetch manifest node-red-contrib-telegrambot@17.4.12
15 silly packumentCache full:https://registry.npmjs.org/node-red-contrib-telegrambot cache-miss
16 http fetch GET 200 https://registry.npmjs.org/node-red-contrib-telegrambot 1113ms (cache miss)
17 silly packumentCache full:https://registry.npmjs.org/node-red-contrib-telegrambot set size:undefined disposed:false
18 silly placeDep ROOT node-red-contrib-telegrambot@17.4.12 OK for: node-red-project@0.0.1 want: 17.4.12
19 silly fetch manifest bluebird@^3.7.2
20 silly packumentCache full:https://registry.npmjs.org/bluebird cache-miss
21 silly fetch manifest node-telegram-bot-api@^0.66.0
22 silly packumentCache full:https://registry.npmjs.org/node-telegram-bot-api cache-miss
23 silly fetch manifest socks-proxy-agent@^8.0.3
24 silly packumentCache full:https://registry.npmjs.org/socks-proxy-agent cache-miss
25 http fetch GET 200 https://registry.npmjs.org/bluebird 214ms (cache miss)
26 silly packumentCache full:https://registry.npmjs.org/bluebird set size:undefined disposed:false
27 http fetch GET 200 https://registry.npmjs.org/socks-proxy-agent 503ms (cache miss)
28 silly packumentCache full:https://registry.npmjs.org/socks-proxy-agent set size:undefined disposed:false
29 http fetch GET 200 https://registry.npmjs.org/node-telegram-bot-api 762ms (cache miss)
30 silly packumentCache full:https://registry.npmjs.org/node-telegram-bot-api set size:undefined disposed:false
31 silly placeDep ROOT bluebird@3.7.2 OK for: node-red-contrib-telegrambot@17.4.12 want: ^3.7.2
32 silly placeDep ROOT node-telegram-bot-api@0.66.0 OK for: node-red-contrib-telegrambot@17.4.12 want: ^0.66.0
33 silly placeDep ROOT socks-proxy-agent@8.0.5 OK for: node-red-contrib-telegrambot@17.4.12 want: ^8.0.3
34 silly fetch manifest bl@^1.2.3
35 silly packumentCache full:https://registry.npmjs.org/bl cache-miss
36 silly fetch manifest pump@^2.0.0
37 silly packumentCache full:https://registry.npmjs.org/pump cache-miss
38 silly fetch manifest debug@^3.2.7
39 silly packumentCache full:https://registry.npmjs.org/debug cache-miss
40 silly fetch manifest file-type@^3.9.0
41 silly packumentCache full:https://registry.npmjs.org/file-type cache-miss
42 silly fetch manifest eventemitter3@^3.0.0
43 silly packumentCache full:https://registry.npmjs.org/eventemitter3 cache-miss
44 silly fetch manifest @cypress/request@^3.0.1
45 silly packumentCache full:https://registry.npmjs.org/@cypress%2frequest cache-miss
46 silly fetch manifest @cypress/request-promise@^5.0.0
47 silly packumentCache full:https://registry.npmjs.org/@cypress%2frequest-promise cache-miss
48 silly fetch manifest array.prototype.findindex@^2.0.2
49 silly packumentCache full:https://registry.npmjs.org/array.prototype.findindex cache-miss
50 silly fetch manifest debug@^4.3.4
51 silly packumentCache full:https://registry.npmjs.org/debug cache-miss
52 silly fetch manifest socks@^2.8.3
53 silly packumentCache full:https://registry.npmjs.org/socks cache-miss
54 silly fetch manifest agent-base@^7.1.2
55 silly packumentCache full:https://registry.npmjs.org/agent-base cache-miss
56 http fetch GET 200 https://registry.npmjs.org/pump 299ms (cache miss)
57 silly packumentCache full:https://registry.npmjs.org/pump set size:undefined disposed:false
58 http fetch GET 200 https://registry.npmjs.org/bl 345ms (cache miss)
59 silly packumentCache full:https://registry.npmjs.org/bl set size:undefined disposed:false
60 http fetch GET 200 https://registry.npmjs.org/debug 365ms (cache revalidated)
61 silly packumentCache full:https://registry.npmjs.org/debug set size:195840 disposed:false
62 http fetch GET 200 https://registry.npmjs.org/debug 383ms (cache revalidated)
63 silly packumentCache full:https://registry.npmjs.org/debug set size:195840 disposed:false
64 silly packumentCache full:https://registry.npmjs.org/debug dispose
65 http fetch GET 200 https://registry.npmjs.org/agent-base 385ms (cache revalidated)
66 silly packumentCache full:https://registry.npmjs.org/agent-base set size:72085 disposed:false
67 http fetch GET 200 https://registry.npmjs.org/file-type 462ms (cache miss)
68 silly packumentCache full:https://registry.npmjs.org/file-type set size:undefined disposed:false
69 http fetch GET 200 https://registry.npmjs.org/eventemitter3 482ms (cache miss)
70 silly packumentCache full:https://registry.npmjs.org/eventemitter3 set size:undefined disposed:false
71 http fetch GET 200 https://registry.npmjs.org/socks 506ms (cache miss)
72 silly packumentCache full:https://registry.npmjs.org/socks set size:undefined disposed:false
73 http fetch GET 200 https://registry.npmjs.org/array.prototype.findindex 607ms (cache miss)
74 silly packumentCache full:https://registry.npmjs.org/array.prototype.findindex set size:undefined disposed:false
75 http fetch GET 200 https://registry.npmjs.org/@cypress%2frequest 700ms (cache miss)
76 silly packumentCache full:https://registry.npmjs.org/@cypress%2frequest set size:undefined disposed:false
77 http fetch GET 200 https://registry.npmjs.org/@cypress%2frequest-promise 973ms (cache miss)
78 silly packumentCache full:https://registry.npmjs.org/@cypress%2frequest-promise set size:undefined disposed:false
79 silly placeDep ROOT @cypress/request@3.0.10 OK for: node-telegram-bot-api@0.66.0 want: ^3.0.1
80 silly placeDep ROOT @cypress/request-promise@5.0.0 OK for: node-telegram-bot-api@0.66.0 want: ^5.0.0
81 silly placeDep ROOT array.prototype.findindex@2.2.4 OK for: node-telegram-bot-api@0.66.0 want: ^2.0.2
82 silly placeDep ROOT bl@1.2.3 OK for: node-telegram-bot-api@0.66.0 want: ^1.2.3
83 silly placeDep node_modules/node-telegram-bot-api debug@3.2.7 OK for: node-telegram-bot-api@0.66.0 want: ^3.2.7
84 silly placeDep ROOT eventemitter3@3.1.2 OK for: node-telegram-bot-api@0.66.0 want: ^3.0.0
85 silly placeDep ROOT file-type@3.9.0 OK for: node-telegram-bot-api@0.66.0 want: ^3.9.0
86 silly placeDep ROOT pump@2.0.1 OK for: node-telegram-bot-api@0.66.0 want: ^2.0.0
87 silly fetch manifest qs@~6.14.1
88 silly packumentCache full:https://registry.npmjs.org/qs cache-miss
89 silly fetch manifest aws4@^1.8.0
90 silly packumentCache full:https://registry.npmjs.org/aws4 cache-miss
91 silly fetch manifest uuid@^8.3.2
92 silly packumentCache full:https://registry.npmjs.org/uuid cache-miss
93 silly fetch manifest extend@~3.0.2
94 silly packumentCache full:https://registry.npmjs.org/extend cache-miss
95 silly fetch manifest caseless@~0.12.0
96 silly packumentCache full:https://registry.npmjs.org/caseless cache-miss
97 silly fetch manifest isstream@~0.1.2
98 silly packumentCache full:https://registry.npmjs.org/isstream cache-miss
99 silly fetch manifest aws-sign2@~0.7.0
100 silly packumentCache full:https://registry.npmjs.org/aws-sign2 cache-miss
101 silly fetch manifest tough-cookie@^5.0.0
102 silly packumentCache full:https://registry.npmjs.org/tough-cookie cache-miss
103 silly fetch manifest tunnel-agent@^0.6.0
104 silly packumentCache full:https://registry.npmjs.org/tunnel-agent cache-miss
105 silly fetch manifest forever-agent@~0.6.1
106 silly packumentCache full:https://registry.npmjs.org/forever-agent cache-miss
107 silly fetch manifest is-typedarray@~1.0.0
108 silly packumentCache full:https://registry.npmjs.org/is-typedarray cache-miss
109 http fetch GET 200 https://registry.npmjs.org/extend 270ms (cache miss)
110 silly packumentCache full:https://registry.npmjs.org/extend set size:undefined disposed:false
111 silly fetch manifest http-signature@~1.4.0
112 silly packumentCache full:https://registry.npmjs.org/http-signature cache-miss
113 http fetch GET 200 https://registry.npmjs.org/aws-sign2 300ms (cache miss)
114 silly packumentCache full:https://registry.npmjs.org/aws-sign2 set size:undefined disposed:false
115 silly fetch manifest performance-now@^2.1.0
116 silly packumentCache full:https://registry.npmjs.org/performance-now cache-miss
117 http fetch GET 200 https://registry.npmjs.org/isstream 313ms (cache miss)
118 silly packumentCache full:https://registry.npmjs.org/isstream set size:undefined disposed:false
119 silly fetch manifest json-stringify-safe@~5.0.1
120 silly packumentCache full:https://registry.npmjs.org/json-stringify-safe cache-miss
121 http fetch GET 200 https://registry.npmjs.org/tunnel-agent 314ms (cache miss)
122 silly packumentCache full:https://registry.npmjs.org/tunnel-agent set size:undefined disposed:false
123 silly fetch manifest request-promise-core@1.1.3
124 silly packumentCache full:https://registry.npmjs.org/request-promise-core cache-miss
125 http fetch GET 200 https://registry.npmjs.org/uuid 371ms (cache miss)
126 silly packumentCache full:https://registry.npmjs.org/uuid set size:undefined disposed:false
127 silly fetch manifest stealthy-require@^1.1.1
128 silly packumentCache full:https://registry.npmjs.org/stealthy-require cache-miss
129 http fetch GET 200 https://registry.npmjs.org/aws4 396ms (cache miss)
130 silly packumentCache full:https://registry.npmjs.org/aws4 set size:undefined disposed:false
131 silly fetch manifest tough-cookie@^4.1.3
132 silly packumentCache full:https://registry.npmjs.org/tough-cookie cache-miss
133 http fetch GET 200 https://registry.npmjs.org/tough-cookie 402ms (cache miss)
134 silly packumentCache full:https://registry.npmjs.org/tough-cookie set size:undefined disposed:false
135 silly fetch manifest call-bind@^1.0.8
136 silly packumentCache full:https://registry.npmjs.org/call-bind cache-miss
137 http fetch GET 200 https://registry.npmjs.org/caseless 471ms (cache miss)
138 silly packumentCache full:https://registry.npmjs.org/caseless set size:undefined disposed:false
139 silly fetch manifest define-properties@^1.2.1
140 silly packumentCache full:https://registry.npmjs.org/define-properties cache-miss
141 http fetch GET 200 https://registry.npmjs.org/performance-now 216ms (cache miss)
142 silly packumentCache full:https://registry.npmjs.org/performance-now set size:undefined disposed:false
143 silly fetch manifest es-abstract@^1.23.6
144 silly packumentCache full:https://registry.npmjs.org/es-abstract cache-miss
145 http fetch GET 200 https://registry.npmjs.org/is-typedarray 529ms (cache miss)
146 silly packumentCache full:https://registry.npmjs.org/is-typedarray set size:undefined disposed:false
147 silly fetch manifest es-shim-unscopables@^1.0.2
148 silly packumentCache full:https://registry.npmjs.org/es-shim-unscopables cache-miss
149 http cache https://registry.npmjs.org/tough-cookie 140ms (cache hit)
150 silly packumentCache full:https://registry.npmjs.org/tough-cookie set size:149007 disposed:false
151 silly fetch manifest readable-stream@^2.3.5
152 silly packumentCache full:https://registry.npmjs.org/readable-stream cache-miss
153 http fetch GET 200 https://registry.npmjs.org/json-stringify-safe 231ms (cache miss)
154 silly packumentCache full:https://registry.npmjs.org/json-stringify-safe set size:undefined disposed:false
155 silly fetch manifest ms@^2.1.1
156 silly packumentCache full:https://registry.npmjs.org/ms cache-miss
157 http fetch GET 200 https://registry.npmjs.org/http-signature 270ms (cache miss)
158 silly packumentCache full:https://registry.npmjs.org/http-signature set size:undefined disposed:false
159 silly fetch manifest end-of-stream@^1.1.0
160 silly packumentCache full:https://registry.npmjs.org/end-of-stream cache-miss
161 http fetch GET 200 https://registry.npmjs.org/qs 574ms (cache revalidated)
162 silly packumentCache full:https://registry.npmjs.org/qs set size:356906 disposed:false
163 http fetch GET 200 https://registry.npmjs.org/call-bind 182ms (cache miss)
164 silly packumentCache full:https://registry.npmjs.org/call-bind set size:undefined disposed:false
165 http fetch GET 200 https://registry.npmjs.org/forever-agent 624ms (cache miss)
166 silly packumentCache full:https://registry.npmjs.org/forever-agent set size:undefined disposed:false
167 http fetch GET 200 https://registry.npmjs.org/request-promise-core 332ms (cache miss)
168 silly packumentCache full:https://registry.npmjs.org/request-promise-core set size:undefined disposed:false
169 http fetch GET 200 https://registry.npmjs.org/es-shim-unscopables 162ms (cache miss)
170 silly packumentCache full:https://registry.npmjs.org/es-shim-unscopables set size:undefined disposed:false
171 http fetch GET 200 https://registry.npmjs.org/stealthy-require 323ms (cache miss)
172 silly packumentCache full:https://registry.npmjs.org/stealthy-require set size:undefined disposed:false
173 http fetch GET 200 https://registry.npmjs.org/es-abstract 198ms (cache miss)
174 silly packumentCache full:https://registry.npmjs.org/es-abstract set size:undefined disposed:false
175 http fetch GET 200 https://registry.npmjs.org/define-properties 286ms (cache miss)
176 silly packumentCache full:https://registry.npmjs.org/define-properties set size:undefined disposed:false
177 http fetch GET 200 https://registry.npmjs.org/ms 213ms (cache revalidated)
178 silly packumentCache full:https://registry.npmjs.org/ms set size:92208 disposed:false
179 http fetch GET 200 https://registry.npmjs.org/readable-stream 223ms (cache revalidated)
180 silly packumentCache full:https://registry.npmjs.org/readable-stream set size:261096 disposed:false
181 http fetch GET 200 https://registry.npmjs.org/end-of-stream 294ms (cache miss)
182 silly packumentCache full:https://registry.npmjs.org/end-of-stream set size:undefined disposed:false
183 silly placeDep ROOT aws-sign2@0.7.0 OK for: @cypress/request@3.0.10 want: ~0.7.0
184 silly placeDep ROOT aws4@1.13.2 OK for: @cypress/request@3.0.10 want: ^1.8.0
185 silly placeDep ROOT caseless@0.12.0 OK for: @cypress/request@3.0.10 want: ~0.12.0
186 silly placeDep ROOT extend@3.0.2 OK for: @cypress/request@3.0.10 want: ~3.0.2
187 silly placeDep ROOT forever-agent@0.6.1 OK for: @cypress/request@3.0.10 want: ~0.6.1
188 silly placeDep ROOT http-signature@1.4.0 OK for: @cypress/request@3.0.10 want: ~1.4.0
189 silly placeDep ROOT is-typedarray@1.0.0 OK for: @cypress/request@3.0.10 want: ~1.0.0
190 silly placeDep ROOT isstream@0.1.2 OK for: @cypress/request@3.0.10 want: ~0.1.2
191 silly placeDep ROOT json-stringify-safe@5.0.1 OK for: @cypress/request@3.0.10 want: ~5.0.1
192 silly placeDep ROOT performance-now@2.1.0 OK for: @cypress/request@3.0.10 want: ^2.1.0
193 silly placeDep node_modules/@cypress/request qs@6.14.2 OK for: @cypress/request@3.0.10 want: ~6.14.1
194 silly placeDep ROOT tough-cookie@5.1.2 OK for: @cypress/request@3.0.10 want: ^5.0.0
195 silly placeDep ROOT tunnel-agent@0.6.0 OK for: @cypress/request@3.0.10 want: ^0.6.0
196 silly placeDep ROOT uuid@8.3.2 OK for: @cypress/request@3.0.10 want: ^8.3.2
197 silly fetch manifest sshpk@^1.18.0
198 silly packumentCache full:https://registry.npmjs.org/sshpk cache-miss
199 silly fetch manifest jsprim@^2.0.2
200 silly packumentCache full:https://registry.npmjs.org/jsprim cache-miss
201 silly fetch manifest assert-plus@^1.0.0
202 silly packumentCache full:https://registry.npmjs.org/assert-plus cache-miss
203 silly fetch manifest tldts@^6.1.32
204 silly packumentCache full:https://registry.npmjs.org/tldts cache-miss
205 http fetch GET 200 https://registry.npmjs.org/assert-plus 317ms (cache miss)
206 silly packumentCache full:https://registry.npmjs.org/assert-plus set size:undefined disposed:false
207 http fetch GET 200 https://registry.npmjs.org/jsprim 322ms (cache miss)
208 silly packumentCache full:https://registry.npmjs.org/jsprim set size:undefined disposed:false
209 http fetch GET 200 https://registry.npmjs.org/sshpk 330ms (cache miss)
210 silly packumentCache full:https://registry.npmjs.org/sshpk set size:undefined disposed:false
211 http fetch GET 200 https://registry.npmjs.org/tldts 5416ms (cache miss)
212 silly packumentCache full:https://registry.npmjs.org/tldts set size:undefined disposed:false
213 silly fetch manifest request@^2.34
214 silly packumentCache full:https://registry.npmjs.org/request cache-miss
215 http fetch GET 200 https://registry.npmjs.org/request 374ms (cache miss)
216 silly packumentCache full:https://registry.npmjs.org/request set size:undefined disposed:false
217 silly placeDep ROOT request-promise-core@1.1.3 OK for: @cypress/request-promise@5.0.0 want: 1.1.3
218 silly placeDep ROOT request@2.88.2 OK for: request-promise-core@1.1.3 want: ^2.34
219 silly placeDep ROOT stealthy-require@1.1.1 OK for: @cypress/request-promise@5.0.0 want: ^1.1.1
220 silly placeDep node_modules/@cypress/request-promise tough-cookie@4.1.4 OK for: @cypress/request-promise@5.0.0 want: ^4.1.3
221 silly fetch manifest lodash@^4.17.15
222 silly packumentCache full:https://registry.npmjs.org/lodash cache-miss
223 silly fetch manifest qs@~6.5.2
224 silly packumentCache full:https://registry.npmjs.org/qs cache-hit
225 silly fetch manifest uuid@^3.3.2
226 silly packumentCache full:https://registry.npmjs.org/uuid cache-miss
227 silly fetch manifest form-data@~2.3.2
228 silly packumentCache full:https://registry.npmjs.org/form-data cache-miss
229 silly fetch manifest oauth-sign@~0.9.0
230 silly packumentCache full:https://registry.npmjs.org/oauth-sign cache-miss
231 silly fetch manifest tough-cookie@~2.5.0
232 silly packumentCache full:https://registry.npmjs.org/tough-cookie cache-hit
233 silly fetch manifest har-validator@~5.1.3
234 silly packumentCache full:https://registry.npmjs.org/har-validator cache-miss
235 silly fetch manifest http-signature@~1.2.0
236 silly packumentCache full:https://registry.npmjs.org/http-signature cache-miss
237 silly fetch manifest psl@^1.1.33
238 silly packumentCache full:https://registry.npmjs.org/psl cache-miss
239 silly fetch manifest punycode@^2.1.1
240 silly packumentCache full:https://registry.npmjs.org/punycode cache-miss
241 silly fetch manifest url-parse@^1.5.3
242 silly packumentCache full:https://registry.npmjs.org/url-parse cache-miss
243 silly fetch manifest universalify@^0.2.0
244 silly packumentCache full:https://registry.npmjs.org/universalify cache-miss
245 http cache https://registry.npmjs.org/http-signature 71ms (cache hit)
246 silly packumentCache full:https://registry.npmjs.org/http-signature set size:58675 disposed:false
247 http cache https://registry.npmjs.org/uuid 79ms (cache hit)
248 silly packumentCache full:https://registry.npmjs.org/uuid set size:234700 disposed:false
249 http fetch GET 200 https://registry.npmjs.org/universalify 273ms (cache miss)
250 silly packumentCache full:https://registry.npmjs.org/universalify set size:undefined disposed:false
251 http fetch GET 200 https://registry.npmjs.org/psl 297ms (cache miss)
252 silly packumentCache full:https://registry.npmjs.org/psl set size:undefined disposed:false
253 http fetch GET 200 https://registry.npmjs.org/lodash 312ms (cache miss)
254 silly packumentCache full:https://registry.npmjs.org/lodash set size:undefined disposed:false
255 http fetch GET 200 https://registry.npmjs.org/url-parse 307ms (cache miss)
256 silly packumentCache full:https://registry.npmjs.org/url-parse set size:undefined disposed:false
257 http fetch GET 200 https://registry.npmjs.org/form-data 320ms (cache revalidated)
258 silly packumentCache full:https://registry.npmjs.org/form-data set size:153646 disposed:false
259 http fetch GET 200 https://registry.npmjs.org/oauth-sign 339ms (cache miss)
260 silly packumentCache full:https://registry.npmjs.org/oauth-sign set size:undefined disposed:false
261 http fetch GET 200 https://registry.npmjs.org/punycode 352ms (cache miss)
262 silly packumentCache full:https://registry.npmjs.org/punycode set size:undefined disposed:false
263 http fetch GET 200 https://registry.npmjs.org/har-validator 361ms (cache miss)
264 silly packumentCache full:https://registry.npmjs.org/har-validator set size:undefined disposed:false
265 silly placeDep ROOT call-bind@1.0.9 OK for: array.prototype.findindex@2.2.4 want: ^1.0.8
266 silly placeDep ROOT define-properties@1.2.1 OK for: array.prototype.findindex@2.2.4 want: ^1.2.1
267 silly placeDep ROOT es-abstract@1.24.2 OK for: array.prototype.findindex@2.2.4 want: ^1.23.6
268 silly placeDep ROOT es-shim-unscopables@1.1.0 OK for: array.prototype.findindex@2.2.4 want: ^1.0.2
269 silly fetch manifest set-function-length@^1.2.2
270 silly packumentCache full:https://registry.npmjs.org/set-function-length cache-miss
271 silly fetch manifest define-data-property@^1.0.1
272 silly packumentCache full:https://registry.npmjs.org/define-data-property cache-miss
273 silly fetch manifest has-property-descriptors@^1.0.0
274 silly packumentCache full:https://registry.npmjs.org/has-property-descriptors cache-miss
275 silly fetch manifest object-keys@^1.1.1
276 silly packumentCache full:https://registry.npmjs.org/object-keys cache-miss
277 silly fetch manifest array-buffer-byte-length@^1.0.2
278 silly packumentCache full:https://registry.npmjs.org/array-buffer-byte-length cache-miss
279 silly fetch manifest arraybuffer.prototype.slice@^1.0.4
280 silly packumentCache full:https://registry.npmjs.org/arraybuffer.prototype.slice cache-miss
281 silly fetch manifest available-typed-arrays@^1.0.7
282 silly packumentCache full:https://registry.npmjs.org/available-typed-arrays cache-miss
283 silly fetch manifest data-view-buffer@^1.0.2
284 silly packumentCache full:https://registry.npmjs.org/data-view-buffer cache-miss
285 silly fetch manifest data-view-byte-length@^1.0.2
286 silly packumentCache full:https://registry.npmjs.org/data-view-byte-length cache-miss
287 silly fetch manifest data-view-byte-offset@^1.0.1
288 silly packumentCache full:https://registry.npmjs.org/data-view-byte-offset cache-miss
289 silly fetch manifest es-to-primitive@^1.3.0
290 silly packumentCache full:https://registry.npmjs.org/es-to-primitive cache-miss
291 http fetch GET 200 https://registry.npmjs.org/data-view-byte-offset 341ms (cache miss)
292 silly packumentCache full:https://registry.npmjs.org/data-view-byte-offset set size:undefined disposed:false
293 silly fetch manifest function.prototype.name@^1.1.8
294 silly packumentCache full:https://registry.npmjs.org/function.prototype.name cache-miss
295 http fetch GET 200 https://registry.npmjs.org/set-function-length 357ms (cache miss)
296 silly packumentCache full:https://registry.npmjs.org/set-function-length set size:undefined disposed:false
297 silly fetch manifest get-symbol-description@^1.1.0
298 silly packumentCache full:https://registry.npmjs.org/get-symbol-description cache-miss
299 http fetch GET 200 https://registry.npmjs.org/available-typed-arrays 363ms (cache miss)
300 silly packumentCache full:https://registry.npmjs.org/available-typed-arrays set size:undefined disposed:false
301 silly fetch manifest globalthis@^1.0.4
302 silly packumentCache full:https://registry.npmjs.org/globalthis cache-miss
303 http fetch GET 200 https://registry.npmjs.org/array-buffer-byte-length 387ms (cache miss)
304 silly packumentCache full:https://registry.npmjs.org/array-buffer-byte-length set size:undefined disposed:false
305 silly fetch manifest has-property-descriptors@^1.0.2
306 silly packumentCache full:https://registry.npmjs.org/has-property-descriptors cache-miss
307 http fetch GET 200 https://registry.npmjs.org/define-data-property 398ms (cache miss)
308 silly packumentCache full:https://registry.npmjs.org/define-data-property set size:undefined disposed:false
309 silly fetch manifest has-proto@^1.2.0
310 silly packumentCache full:https://registry.npmjs.org/has-proto cache-miss
311 http fetch GET 200 https://registry.npmjs.org/object-keys 409ms (cache miss)
312 silly packumentCache full:https://registry.npmjs.org/object-keys set size:undefined disposed:false
313 silly fetch manifest internal-slot@^1.1.0
314 silly packumentCache full:https://registry.npmjs.org/internal-slot cache-miss
315 http fetch GET 200 https://registry.npmjs.org/es-to-primitive 497ms (cache miss)
316 silly packumentCache full:https://registry.npmjs.org/es-to-primitive set size:undefined disposed:false
317 silly fetch manifest is-array-buffer@^3.0.5
318 silly packumentCache full:https://registry.npmjs.org/is-array-buffer cache-miss
319 http fetch GET 200 https://registry.npmjs.org/data-view-byte-length 513ms (cache miss)
320 silly packumentCache full:https://registry.npmjs.org/data-view-byte-length set size:undefined disposed:false
321 silly fetch manifest is-callable@^1.2.7
322 silly packumentCache full:https://registry.npmjs.org/is-callable cache-miss
323 http fetch GET 200 https://registry.npmjs.org/arraybuffer.prototype.slice 536ms (cache miss)
324 silly packumentCache full:https://registry.npmjs.org/arraybuffer.prototype.slice set size:undefined disposed:false
325 silly fetch manifest is-data-view@^1.0.2
326 silly packumentCache full:https://registry.npmjs.org/is-data-view cache-miss
327 http fetch GET 200 https://registry.npmjs.org/data-view-buffer 544ms (cache miss)
328 silly packumentCache full:https://registry.npmjs.org/data-view-buffer set size:undefined disposed:false
329 silly fetch manifest is-negative-zero@^2.0.3
330 silly packumentCache full:https://registry.npmjs.org/is-negative-zero cache-miss
331 http fetch GET 200 https://registry.npmjs.org/has-property-descriptors 561ms (cache miss)
332 silly packumentCache full:https://registry.npmjs.org/has-property-descriptors set size:undefined disposed:false
333 silly fetch manifest is-regex@^1.2.1
334 silly packumentCache full:https://registry.npmjs.org/is-regex cache-miss
335 http fetch GET 200 https://registry.npmjs.org/globalthis 231ms (cache miss)
336 silly packumentCache full:https://registry.npmjs.org/globalthis set size:undefined disposed:false
337 silly fetch manifest is-set@^2.0.3
338 silly packumentCache full:https://registry.npmjs.org/is-set cache-miss
339 http fetch GET 200 https://registry.npmjs.org/get-symbol-description 250ms (cache miss)
340 silly packumentCache full:https://registry.npmjs.org/get-symbol-description set size:undefined disposed:false
341 silly fetch manifest is-shared-array-buffer@^1.0.4
342 silly packumentCache full:https://registry.npmjs.org/is-shared-array-buffer cache-miss
343 http fetch GET 200 https://registry.npmjs.org/has-proto 212ms (cache miss)
344 silly packumentCache full:https://registry.npmjs.org/has-proto set size:undefined disposed:false
345 silly fetch manifest is-string@^1.1.1
346 silly packumentCache full:https://registry.npmjs.org/is-string cache-miss
347 http fetch GET 200 https://registry.npmjs.org/has-property-descriptors 228ms (cache miss)
348 silly packumentCache full:https://registry.npmjs.org/has-property-descriptors set size:undefined disposed:false
349 silly fetch manifest is-typed-array@^1.1.15
350 silly packumentCache full:https://registry.npmjs.org/is-typed-array cache-miss
351 http fetch GET 200 https://registry.npmjs.org/function.prototype.name 275ms (cache miss)
352 silly packumentCache full:https://registry.npmjs.org/function.prototype.name set size:undefined disposed:false
353 silly fetch manifest is-weakref@^1.1.1
354 silly packumentCache full:https://registry.npmjs.org/is-weakref cache-miss
355 http fetch GET 200 https://registry.npmjs.org/internal-slot 229ms (cache miss)
356 silly packumentCache full:https://registry.npmjs.org/internal-slot set size:undefined disposed:false
357 silly fetch manifest object.assign@^4.1.7
358 silly packumentCache full:https://registry.npmjs.org/object.assign cache-miss
359 http fetch GET 200 https://registry.npmjs.org/is-array-buffer 158ms (cache miss)
360 silly packumentCache full:https://registry.npmjs.org/is-array-buffer set size:undefined disposed:false
361 silly fetch manifest own-keys@^1.0.1
362 silly packumentCache full:https://registry.npmjs.org/own-keys cache-miss
363 http fetch GET 200 https://registry.npmjs.org/is-callable 176ms (cache miss)
364 silly packumentCache full:https://registry.npmjs.org/is-callable set size:undefined disposed:false
365 silly fetch manifest regexp.prototype.flags@^1.5.4
366 silly packumentCache full:https://registry.npmjs.org/regexp.prototype.flags cache-miss
367 http fetch GET 200 https://registry.npmjs.org/is-regex 164ms (cache miss)
368 silly packumentCache full:https://registry.npmjs.org/is-regex set size:undefined disposed:false
369 silly fetch manifest safe-array-concat@^1.1.3
370 silly packumentCache full:https://registry.npmjs.org/safe-array-concat cache-miss
371 http fetch GET 200 https://registry.npmjs.org/is-negative-zero 184ms (cache miss)
372 silly packumentCache full:https://registry.npmjs.org/is-negative-zero set size:undefined disposed:false
373 silly fetch manifest safe-push-apply@^1.0.0
374 silly packumentCache full:https://registry.npmjs.org/safe-push-apply cache-miss
375 http fetch GET 200 https://registry.npmjs.org/is-set 183ms (cache miss)
376 silly packumentCache full:https://registry.npmjs.org/is-set set size:undefined disposed:false
377 silly fetch manifest safe-regex-test@^1.1.0
378 silly packumentCache full:https://registry.npmjs.org/safe-regex-test cache-miss
379 http fetch GET 200 https://registry.npmjs.org/is-shared-array-buffer 186ms (cache miss)
380 silly packumentCache full:https://registry.npmjs.org/is-shared-array-buffer set size:undefined disposed:false
381 silly fetch manifest set-proto@^1.0.0
382 silly packumentCache full:https://registry.npmjs.org/set-proto cache-miss
383 http fetch GET 200 https://registry.npmjs.org/is-string 185ms (cache miss)
384 silly packumentCache full:https://registry.npmjs.org/is-string set size:undefined disposed:false
385 silly fetch manifest stop-iteration-iterator@^1.1.0
386 silly packumentCache full:https://registry.npmjs.org/stop-iteration-iterator cache-miss
387 http fetch GET 200 https://registry.npmjs.org/is-weakref 182ms (cache miss)
388 silly packumentCache full:https://registry.npmjs.org/is-weakref set size:undefined disposed:false
389 silly fetch manifest string.prototype.trim@^1.2.10
390 silly packumentCache full:https://registry.npmjs.org/string.prototype.trim cache-miss
391 http fetch GET 200 https://registry.npmjs.org/is-typed-array 215ms (cache miss)
392 silly packumentCache full:https://registry.npmjs.org/is-typed-array set size:undefined disposed:false
393 silly fetch manifest string.prototype.trimend@^1.0.9
394 silly packumentCache full:https://registry.npmjs.org/string.prototype.trimend cache-miss
395 http fetch GET 200 https://registry.npmjs.org/regexp.prototype.flags 166ms (cache miss)
396 silly packumentCache full:https://registry.npmjs.org/regexp.prototype.flags set size:undefined disposed:false
397 silly fetch manifest string.prototype.trimstart@^1.0.8
398 silly packumentCache full:https://registry.npmjs.org/string.prototype.trimstart cache-miss
399 http fetch GET 200 https://registry.npmjs.org/is-data-view 333ms (cache miss)
400 silly packumentCache full:https://registry.npmjs.org/is-data-view set size:undefined disposed:false
401 silly fetch manifest typed-array-buffer@^1.0.3
402 silly packumentCache full:https://registry.npmjs.org/typed-array-buffer cache-miss
403 http fetch GET 200 https://registry.npmjs.org/safe-push-apply 153ms (cache miss)
404 silly packumentCache full:https://registry.npmjs.org/safe-push-apply set size:undefined disposed:false
405 silly fetch manifest typed-array-byte-length@^1.0.3
406 silly packumentCache full:https://registry.npmjs.org/typed-array-byte-length cache-miss
407 http fetch GET 200 https://registry.npmjs.org/safe-array-concat 192ms (cache miss)
408 silly packumentCache full:https://registry.npmjs.org/safe-array-concat set size:undefined disposed:false
409 silly fetch manifest typed-array-byte-offset@^1.0.4
410 silly packumentCache full:https://registry.npmjs.org/typed-array-byte-offset cache-miss
411 http fetch GET 200 https://registry.npmjs.org/set-proto 181ms (cache miss)
412 silly packumentCache full:https://registry.npmjs.org/set-proto set size:undefined disposed:false
413 silly fetch manifest typed-array-length@^1.0.7
414 silly packumentCache full:https://registry.npmjs.org/typed-array-length cache-miss
415 http fetch GET 200 https://registry.npmjs.org/stop-iteration-iterator 181ms (cache miss)
416 silly packumentCache full:https://registry.npmjs.org/stop-iteration-iterator set size:undefined disposed:false
417 silly fetch manifest unbox-primitive@^1.1.0
418 silly packumentCache full:https://registry.npmjs.org/unbox-primitive cache-miss
419 http fetch GET 200 https://registry.npmjs.org/safe-regex-test 205ms (cache miss)
420 silly packumentCache full:https://registry.npmjs.org/safe-regex-test set size:undefined disposed:false
421 silly fetch manifest which-typed-array@^1.1.19
422 silly packumentCache full:https://registry.npmjs.org/which-typed-array cache-miss
423 http fetch GET 200 https://registry.npmjs.org/string.prototype.trim 191ms (cache miss)
424 silly packumentCache full:https://registry.npmjs.org/string.prototype.trim set size:undefined disposed:false
425 http fetch GET 200 https://registry.npmjs.org/own-keys 359ms (cache miss)
426 silly packumentCache full:https://registry.npmjs.org/own-keys set size:undefined disposed:false
427 http fetch GET 200 https://registry.npmjs.org/object.assign 398ms (cache miss)
428 silly packumentCache full:https://registry.npmjs.org/object.assign set size:undefined disposed:false
429 http fetch GET 200 https://registry.npmjs.org/string.prototype.trimstart 192ms (cache miss)
430 silly packumentCache full:https://registry.npmjs.org/string.prototype.trimstart set size:undefined disposed:false
431 http fetch GET 200 https://registry.npmjs.org/typed-array-byte-length 170ms (cache miss)
432 silly packumentCache full:https://registry.npmjs.org/typed-array-byte-length set size:undefined disposed:false
433 http fetch GET 200 https://registry.npmjs.org/typed-array-buffer 193ms (cache miss)
434 silly packumentCache full:https://registry.npmjs.org/typed-array-buffer set size:undefined disposed:false
435 http fetch GET 200 https://registry.npmjs.org/typed-array-byte-offset 155ms (cache miss)
436 silly packumentCache full:https://registry.npmjs.org/typed-array-byte-offset set size:undefined disposed:false
437 http fetch GET 200 https://registry.npmjs.org/typed-array-length 140ms (cache miss)
438 silly packumentCache full:https://registry.npmjs.org/typed-array-length set size:undefined disposed:false
439 http fetch GET 200 https://registry.npmjs.org/string.prototype.trimend 281ms (cache miss)
440 silly packumentCache full:https://registry.npmjs.org/string.prototype.trimend set size:undefined disposed:false
441 http fetch GET 200 https://registry.npmjs.org/which-typed-array 208ms (cache miss)
442 silly packumentCache full:https://registry.npmjs.org/which-typed-array set size:undefined disposed:false
443 http fetch GET 200 https://registry.npmjs.org/unbox-primitive 434ms (cache miss)
444 silly packumentCache full:https://registry.npmjs.org/unbox-primitive set size:undefined disposed:false
445 silly placeDep node_modules/bl readable-stream@2.3.8 OK for: bl@1.2.3 want: ^2.3.5
446 silly fetch manifest isarray@~1.0.0
447 silly packumentCache full:https://registry.npmjs.org/isarray cache-miss
448 silly fetch manifest safe-buffer@~5.1.1
449 silly packumentCache full:https://registry.npmjs.org/safe-buffer cache-miss
450 silly fetch manifest core-util-is@~1.0.0
451 silly packumentCache full:https://registry.npmjs.org/core-util-is cache-miss
452 silly fetch manifest string_decoder@~1.1.1
453 silly packumentCache full:https://registry.npmjs.org/string_decoder cache-miss
454 silly fetch manifest process-nextick-args@~2.0.0
455 silly packumentCache full:https://registry.npmjs.org/process-nextick-args cache-miss
456 http fetch GET 200 https://registry.npmjs.org/string_decoder 206ms (cache revalidated)
457 silly packumentCache full:https://registry.npmjs.org/string_decoder set size:28441 disposed:false
458 http fetch GET 200 https://registry.npmjs.org/safe-buffer 217ms (cache revalidated)
459 silly packumentCache full:https://registry.npmjs.org/safe-buffer set size:41183 disposed:false
460 http fetch GET 200 https://registry.npmjs.org/core-util-is 219ms (cache miss)
461 silly packumentCache full:https://registry.npmjs.org/core-util-is set size:undefined disposed:false
462 http fetch GET 200 https://registry.npmjs.org/isarray 231ms (cache miss)
463 silly packumentCache full:https://registry.npmjs.org/isarray set size:undefined disposed:false
464 http fetch GET 200 https://registry.npmjs.org/process-nextick-args 227ms (cache miss)
465 silly packumentCache full:https://registry.npmjs.org/process-nextick-args set size:undefined disposed:false
466 silly placeDep ROOT set-function-length@1.2.2 OK for: call-bind@1.0.9 want: ^1.2.2
467 silly fetch manifest define-data-property@^1.1.4
468 silly packumentCache full:https://registry.npmjs.org/define-data-property cache-miss
469 http cache https://registry.npmjs.org/define-data-property 61ms (cache hit)
470 silly packumentCache full:https://registry.npmjs.org/define-data-property set size:28048 disposed:false
471 silly placeDep ROOT define-data-property@1.1.4 OK for: define-properties@1.2.1 want: ^1.0.1
472 silly placeDep ROOT has-property-descriptors@1.0.2 OK for: define-properties@1.2.1 want: ^1.0.0
473 silly placeDep ROOT object-keys@1.1.1 OK for: define-properties@1.2.1 want: ^1.1.1
474 silly placeDep ROOT array-buffer-byte-length@1.0.2 OK for: es-abstract@1.24.2 want: ^1.0.2
475 silly placeDep ROOT arraybuffer.prototype.slice@1.0.4 OK for: es-abstract@1.24.2 want: ^1.0.4
476 silly placeDep ROOT available-typed-arrays@1.0.7 OK for: es-abstract@1.24.2 want: ^1.0.7
477 silly placeDep ROOT data-view-buffer@1.0.2 OK for: es-abstract@1.24.2 want: ^1.0.2
478 silly placeDep ROOT data-view-byte-length@1.0.2 OK for: es-abstract@1.24.2 want: ^1.0.2
479 silly placeDep ROOT data-view-byte-offset@1.0.1 OK for: es-abstract@1.24.2 want: ^1.0.1
480 silly placeDep ROOT es-to-primitive@1.3.0 OK for: es-abstract@1.24.2 want: ^1.3.0
481 silly placeDep ROOT function.prototype.name@1.1.8 OK for: es-abstract@1.24.2 want: ^1.1.8
482 silly placeDep ROOT get-symbol-description@1.1.0 OK for: es-abstract@1.24.2 want: ^1.1.0
483 silly placeDep ROOT globalthis@1.0.4 OK for: es-abstract@1.24.2 want: ^1.0.4
484 silly placeDep ROOT has-proto@1.2.0 OK for: es-abstract@1.24.2 want: ^1.2.0
485 silly placeDep ROOT internal-slot@1.1.0 OK for: es-abstract@1.24.2 want: ^1.1.0
486 silly placeDep ROOT is-array-buffer@3.0.5 OK for: es-abstract@1.24.2 want: ^3.0.5
487 silly placeDep ROOT is-callable@1.2.7 OK for: es-abstract@1.24.2 want: ^1.2.7
488 silly placeDep ROOT is-data-view@1.0.2 OK for: es-abstract@1.24.2 want: ^1.0.2
489 silly placeDep ROOT is-negative-zero@2.0.3 OK for: es-abstract@1.24.2 want: ^2.0.3
490 silly placeDep ROOT is-regex@1.2.1 OK for: es-abstract@1.24.2 want: ^1.2.1
491 silly placeDep ROOT is-set@2.0.3 OK for: es-abstract@1.24.2 want: ^2.0.3
492 silly placeDep ROOT is-shared-array-buffer@1.0.4 OK for: es-abstract@1.24.2 want: ^1.0.4
493 silly placeDep ROOT is-string@1.1.1 OK for: es-abstract@1.24.2 want: ^1.1.1
494 silly placeDep ROOT is-typed-array@1.1.15 OK for: es-abstract@1.24.2 want: ^1.1.15
495 silly placeDep ROOT is-weakref@1.1.1 OK for: es-abstract@1.24.2 want: ^1.1.1
496 silly placeDep ROOT object.assign@4.1.7 OK for: es-abstract@1.24.2 want: ^4.1.7
497 silly placeDep ROOT own-keys@1.0.1 OK for: es-abstract@1.24.2 want: ^1.0.1
498 silly placeDep ROOT regexp.prototype.flags@1.5.4 OK for: es-abstract@1.24.2 want: ^1.5.4
499 silly placeDep ROOT safe-array-concat@1.1.4 OK for: es-abstract@1.24.2 want: ^1.1.3
500 silly placeDep ROOT safe-push-apply@1.0.0 OK for: es-abstract@1.24.2 want: ^1.0.0
501 silly placeDep ROOT safe-regex-test@1.1.0 OK for: es-abstract@1.24.2 want: ^1.1.0
502 silly placeDep ROOT set-proto@1.0.0 OK for: es-abstract@1.24.2 want: ^1.0.0
503 silly placeDep ROOT stop-iteration-iterator@1.1.0 OK for: es-abstract@1.24.2 want: ^1.1.0
504 silly placeDep ROOT string.prototype.trim@1.2.10 OK for: es-abstract@1.24.2 want: ^1.2.10
505 silly placeDep ROOT string.prototype.trimend@1.0.9 OK for: es-abstract@1.24.2 want: ^1.0.9
506 silly placeDep ROOT string.prototype.trimstart@1.0.8 OK for: es-abstract@1.24.2 want: ^1.0.8
507 silly placeDep ROOT typed-array-buffer@1.0.3 OK for: es-abstract@1.24.2 want: ^1.0.3
508 silly placeDep ROOT typed-array-byte-length@1.0.3 OK for: es-abstract@1.24.2 want: ^1.0.3
509 silly placeDep ROOT typed-array-byte-offset@1.0.4 OK for: es-abstract@1.24.2 want: ^1.0.4
510 silly placeDep ROOT typed-array-length@1.0.8 OK for: es-abstract@1.24.2 want: ^1.0.7
511 silly placeDep ROOT unbox-primitive@1.1.0 OK for: es-abstract@1.24.2 want: ^1.1.0
512 silly placeDep ROOT which-typed-array@1.1.21 OK for: es-abstract@1.24.2 want: ^1.1.19
513 silly fetch manifest is-array-buffer@^3.0.4
514 silly packumentCache full:https://registry.npmjs.org/is-array-buffer cache-miss
515 silly fetch manifest possible-typed-array-names@^1.0.0
516 silly packumentCache full:https://registry.npmjs.org/possible-typed-array-names cache-miss
517 silly fetch manifest is-data-view@^1.0.1
518 silly packumentCache full:https://registry.npmjs.org/is-data-view cache-miss
519 silly fetch manifest is-date-object@^1.0.5
520 silly packumentCache full:https://registry.npmjs.org/is-date-object cache-miss
521 silly fetch manifest is-symbol@^1.0.4
522 silly packumentCache full:https://registry.npmjs.org/is-symbol cache-miss
523 silly fetch manifest functions-have-names@^1.2.3
524 silly packumentCache full:https://registry.npmjs.org/functions-have-names cache-miss
525 silly fetch manifest is-typed-array@^1.1.13
526 silly packumentCache full:https://registry.npmjs.org/is-typed-array cache-miss
527 silly fetch manifest which-typed-array@^1.1.16
528 silly packumentCache full:https://registry.npmjs.org/which-typed-array cache-miss
529 silly fetch manifest set-function-name@^2.0.2
530 silly packumentCache full:https://registry.npmjs.org/set-function-name cache-miss
531 silly fetch manifest isarray@^2.0.5
532 silly packumentCache full:https://registry.npmjs.org/isarray cache-miss
533 silly fetch manifest isarray@^2.0.5
534 silly packumentCache full:https://registry.npmjs.org/isarray cache-miss
535 http cache https://registry.npmjs.org/is-data-view 105ms (cache hit)
536 silly packumentCache full:https://registry.npmjs.org/is-data-view set size:13756 disposed:false
537 silly fetch manifest for-each@^0.3.3
538 silly packumentCache full:https://registry.npmjs.org/for-each cache-miss
539 http cache https://registry.npmjs.org/isarray 107ms (cache hit)
540 silly packumentCache full:https://registry.npmjs.org/isarray set size:17392 disposed:false
541 silly fetch manifest for-each@^0.3.3
542 silly packumentCache full:https://registry.npmjs.org/for-each cache-miss
543 http cache https://registry.npmjs.org/isarray 115ms (cache hit)
544 silly packumentCache full:https://registry.npmjs.org/isarray set size:17392 disposed:false
545 silly packumentCache full:https://registry.npmjs.org/isarray dispose
546 silly fetch manifest reflect.getprototypeof@^1.0.9
547 silly packumentCache full:https://registry.npmjs.org/reflect.getprototypeof cache-miss
548 http cache https://registry.npmjs.org/is-array-buffer 140ms (cache hit)
549 silly packumentCache full:https://registry.npmjs.org/is-array-buffer set size:33562 disposed:false
550 silly fetch manifest for-each@^0.3.5
551 silly packumentCache full:https://registry.npmjs.org/for-each cache-miss
552 http cache https://registry.npmjs.org/is-typed-array 133ms (cache hit)
553 silly packumentCache full:https://registry.npmjs.org/is-typed-array set size:79965 disposed:false
554 silly fetch manifest possible-typed-array-names@^1.1.0
555 silly packumentCache full:https://registry.npmjs.org/possible-typed-array-names cache-miss
556 http cache https://registry.npmjs.org/which-typed-array 149ms (cache hit)
557 silly packumentCache full:https://registry.npmjs.org/which-typed-array set size:97565 disposed:false
558 silly fetch manifest reflect.getprototypeof@^1.0.10
559 silly packumentCache full:https://registry.npmjs.org/reflect.getprototypeof cache-miss
560 http fetch GET 200 https://registry.npmjs.org/is-symbol 258ms (cache miss)
561 silly packumentCache full:https://registry.npmjs.org/is-symbol set size:undefined disposed:false
562 silly fetch manifest has-bigints@^1.0.2
563 silly packumentCache full:https://registry.npmjs.org/has-bigints cache-miss
564 http fetch GET 200 https://registry.npmjs.org/set-function-name 255ms (cache miss)
565 silly packumentCache full:https://registry.npmjs.org/set-function-name set size:undefined disposed:false
566 silly fetch manifest which-boxed-primitive@^1.1.1
567 silly packumentCache full:https://registry.npmjs.org/which-boxed-primitive cache-miss
568 http fetch GET 200 https://registry.npmjs.org/possible-typed-array-names 282ms (cache miss)
569 silly packumentCache full:https://registry.npmjs.org/possible-typed-array-names set size:undefined disposed:false
570 silly fetch manifest for-each@^0.3.5
571 silly packumentCache full:https://registry.npmjs.org/for-each cache-miss
572 http fetch GET 200 https://registry.npmjs.org/is-date-object 285ms (cache miss)
573 silly packumentCache full:https://registry.npmjs.org/is-date-object set size:undefined disposed:false
574 http fetch GET 200 https://registry.npmjs.org/functions-have-names 288ms (cache miss)
575 silly packumentCache full:https://registry.npmjs.org/functions-have-names set size:undefined disposed:false
576 http fetch GET 200 https://registry.npmjs.org/for-each 200ms (cache miss)
577 silly packumentCache full:https://registry.npmjs.org/for-each set size:undefined disposed:false
578 http fetch GET 200 https://registry.npmjs.org/for-each 199ms (cache miss)
579 silly packumentCache full:https://registry.npmjs.org/for-each set size:undefined disposed:false
580 http fetch GET 200 https://registry.npmjs.org/possible-typed-array-names 181ms (cache miss)
581 silly packumentCache full:https://registry.npmjs.org/possible-typed-array-names set size:undefined disposed:false
582 http fetch GET 200 https://registry.npmjs.org/for-each 190ms (cache miss)
583 silly packumentCache full:https://registry.npmjs.org/for-each set size:undefined disposed:false
584 http fetch GET 200 https://registry.npmjs.org/reflect.getprototypeof 204ms (cache miss)
585 silly packumentCache full:https://registry.npmjs.org/reflect.getprototypeof set size:undefined disposed:false
586 http fetch GET 200 https://registry.npmjs.org/reflect.getprototypeof 180ms (cache miss)
587 silly packumentCache full:https://registry.npmjs.org/reflect.getprototypeof set size:undefined disposed:false
588 http fetch GET 200 https://registry.npmjs.org/has-bigints 122ms (cache miss)
589 silly packumentCache full:https://registry.npmjs.org/has-bigints set size:undefined disposed:false
590 http fetch GET 200 https://registry.npmjs.org/for-each 168ms (cache miss)
591 silly packumentCache full:https://registry.npmjs.org/for-each set size:undefined disposed:false
592 http fetch GET 200 https://registry.npmjs.org/which-boxed-primitive 186ms (cache miss)
593 silly packumentCache full:https://registry.npmjs.org/which-boxed-primitive set size:undefined disposed:false
594 silly placeDep ROOT possible-typed-array-names@1.1.0 OK for: available-typed-arrays@1.0.7 want: ^1.0.0
595 silly placeDep ROOT is-date-object@1.1.0 OK for: es-to-primitive@1.3.0 want: ^1.0.5
596 silly placeDep ROOT is-symbol@1.1.1 OK for: es-to-primitive@1.3.0 want: ^1.0.4
597 silly placeDep ROOT functions-have-names@1.2.3 OK for: function.prototype.name@1.1.8 want: ^1.2.3
598 silly placeDep ROOT assert-plus@1.0.0 OK for: http-signature@1.4.0 want: ^1.0.0
599 silly placeDep ROOT jsprim@2.0.2 OK for: http-signature@1.4.0 want: ^2.0.2
600 silly placeDep ROOT sshpk@1.18.0 OK for: http-signature@1.4.0 want: ^1.18.0
601 silly fetch manifest verror@1.10.0
602 silly packumentCache full:https://registry.npmjs.org/verror cache-miss
603 silly fetch manifest extsprintf@1.3.0
604 silly packumentCache full:https://registry.npmjs.org/extsprintf cache-miss
605 silly fetch manifest json-schema@0.4.0
606 silly packumentCache full:https://registry.npmjs.org/json-schema cache-miss
607 silly fetch manifest asn1@~0.2.3
608 silly packumentCache full:https://registry.npmjs.org/asn1 cache-miss
609 silly fetch manifest jsbn@~0.1.0
610 silly packumentCache full:https://registry.npmjs.org/jsbn cache-miss
611 silly fetch manifest getpass@^0.1.1
612 silly packumentCache full:https://registry.npmjs.org/getpass cache-miss
613 silly fetch manifest dashdash@^1.12.0
614 silly packumentCache full:https://registry.npmjs.org/dashdash cache-miss
615 silly fetch manifest ecc-jsbn@~0.1.1
616 silly packumentCache full:https://registry.npmjs.org/ecc-jsbn cache-miss
617 silly fetch manifest tweetnacl@~0.14.0
618 silly packumentCache full:https://registry.npmjs.org/tweetnacl cache-miss
619 silly fetch manifest bcrypt-pbkdf@^1.0.0
620 silly packumentCache full:https://registry.npmjs.org/bcrypt-pbkdf cache-miss
621 http fetch GET 200 https://registry.npmjs.org/jsbn 248ms (cache miss)
622 silly packumentCache full:https://registry.npmjs.org/jsbn set size:undefined disposed:false
623 http fetch GET 200 https://registry.npmjs.org/bcrypt-pbkdf 244ms (cache miss)
624 silly packumentCache full:https://registry.npmjs.org/bcrypt-pbkdf set size:undefined disposed:false
625 http fetch GET 200 https://registry.npmjs.org/json-schema 256ms (cache miss)
626 silly packumentCache full:https://registry.npmjs.org/json-schema set size:undefined disposed:false
627 http fetch GET 200 https://registry.npmjs.org/extsprintf 265ms (cache miss)
628 silly packumentCache full:https://registry.npmjs.org/extsprintf set size:undefined disposed:false
629 http fetch GET 200 https://registry.npmjs.org/asn1 263ms (cache miss)
630 silly packumentCache full:https://registry.npmjs.org/asn1 set size:undefined disposed:false
631 http fetch GET 200 https://registry.npmjs.org/ecc-jsbn 260ms (cache miss)
632 silly packumentCache full:https://registry.npmjs.org/ecc-jsbn set size:undefined disposed:false
633 http fetch GET 200 https://registry.npmjs.org/getpass 265ms (cache miss)
634 silly packumentCache full:https://registry.npmjs.org/getpass set size:undefined disposed:false
635 http fetch GET 200 https://registry.npmjs.org/tweetnacl 283ms (cache miss)
636 silly packumentCache full:https://registry.npmjs.org/tweetnacl set size:undefined disposed:false
637 http fetch GET 200 https://registry.npmjs.org/verror 397ms (cache miss)
638 silly packumentCache full:https://registry.npmjs.org/verror set size:undefined disposed:false
639 http fetch GET 200 https://registry.npmjs.org/dashdash 390ms (cache miss)
640 silly packumentCache full:https://registry.npmjs.org/dashdash set size:undefined disposed:false
641 silly placeDep ROOT extsprintf@1.3.0 OK for: jsprim@2.0.2 want: 1.3.0
642 silly placeDep ROOT json-schema@0.4.0 OK for: jsprim@2.0.2 want: 0.4.0
643 silly placeDep ROOT verror@1.10.0 OK for: jsprim@2.0.2 want: 1.10.0
644 silly fetch manifest core-util-is@1.0.2
645 silly packumentCache full:https://registry.npmjs.org/core-util-is cache-miss
646 http cache https://registry.npmjs.org/core-util-is 59ms (cache hit)
647 silly packumentCache full:https://registry.npmjs.org/core-util-is set size:7163 disposed:false
648 silly placeDep ROOT end-of-stream@1.4.5 OK for: pump@2.0.1 want: ^1.1.0
649 silly placeDep ROOT set-function-name@2.0.2 OK for: regexp.prototype.flags@1.5.4 want: ^2.0.2
650 silly placeDep node_modules/request form-data@2.3.3 OK for: request@2.88.2 want: ~2.3.2
651 silly placeDep ROOT har-validator@5.1.5 OK for: request@2.88.2 want: ~5.1.3
652 silly placeDep node_modules/request http-signature@1.2.0 OK for: request@2.88.2 want: ~1.2.0
653 silly placeDep ROOT oauth-sign@0.9.0 OK for: request@2.88.2 want: ~0.9.0
654 silly placeDep node_modules/request qs@6.5.5 OK for: request@2.88.2 want: ~6.5.2
655 silly placeDep node_modules/request tough-cookie@2.5.0 OK for: request@2.88.2 want: ~2.5.0
656 silly placeDep node_modules/request uuid@3.4.0 OK for: request@2.88.2 want: ^3.3.2
657 silly fetch manifest ajv@^6.12.3
658 silly packumentCache full:https://registry.npmjs.org/ajv cache-miss
659 silly fetch manifest har-schema@^2.0.0
660 silly packumentCache full:https://registry.npmjs.org/har-schema cache-miss
661 silly fetch manifest jsprim@^1.2.2
662 silly packumentCache full:https://registry.npmjs.org/jsprim cache-miss
663 silly fetch manifest psl@^1.1.28
664 silly packumentCache full:https://registry.npmjs.org/psl cache-miss
665 http cache https://registry.npmjs.org/jsprim 52ms (cache hit)
666 silly packumentCache full:https://registry.npmjs.org/jsprim set size:49508 disposed:false
667 http cache https://registry.npmjs.org/psl 53ms (cache hit)
668 silly packumentCache full:https://registry.npmjs.org/psl set size:129526 disposed:false
669 http fetch GET 200 https://registry.npmjs.org/har-schema 278ms (cache miss)
670 silly packumentCache full:https://registry.npmjs.org/har-schema set size:undefined disposed:false
671 http fetch GET 200 https://registry.npmjs.org/ajv 282ms (cache miss)
672 silly packumentCache full:https://registry.npmjs.org/ajv set size:undefined disposed:false
673 silly placeDep ROOT ajv@6.15.0 OK for: har-validator@5.1.5 want: ^6.12.3
674 silly placeDep ROOT har-schema@2.0.0 OK for: har-validator@5.1.5 want: ^2.0.0
675 silly fetch manifest uri-js@^4.2.2
676 silly packumentCache full:https://registry.npmjs.org/uri-js cache-miss
677 silly fetch manifest fast-deep-equal@^3.1.1
678 silly packumentCache full:https://registry.npmjs.org/fast-deep-equal cache-miss
679 silly fetch manifest json-schema-traverse@^0.4.1
680 silly packumentCache full:https://registry.npmjs.org/json-schema-traverse cache-miss
681 silly fetch manifest fast-json-stable-stringify@^2.0.0
682 silly packumentCache full:https://registry.npmjs.org/fast-json-stable-stringify cache-miss
683 http fetch GET 200 https://registry.npmjs.org/fast-json-stable-stringify 211ms (cache miss)
684 silly packumentCache full:https://registry.npmjs.org/fast-json-stable-stringify set size:undefined disposed:false
685 http fetch GET 200 https://registry.npmjs.org/json-schema-traverse 215ms (cache miss)
686 silly packumentCache full:https://registry.npmjs.org/json-schema-traverse set size:undefined disposed:false
687 http fetch GET 200 https://registry.npmjs.org/fast-deep-equal 220ms (cache miss)
688 silly packumentCache full:https://registry.npmjs.org/fast-deep-equal set size:undefined disposed:false
689 http fetch GET 200 https://registry.npmjs.org/uri-js 229ms (cache miss)
690 silly packumentCache full:https://registry.npmjs.org/uri-js set size:undefined disposed:false
691 silly placeDep ROOT fast-deep-equal@3.1.3 OK for: ajv@6.15.0 want: ^3.1.1
692 silly placeDep ROOT fast-json-stable-stringify@2.1.0 OK for: ajv@6.15.0 want: ^2.0.0
693 silly placeDep ROOT json-schema-traverse@0.4.1 OK for: ajv@6.15.0 want: ^0.4.1
694 silly placeDep ROOT uri-js@4.4.1 OK for: ajv@6.15.0 want: ^4.2.2
695 silly fetch manifest punycode@^2.1.0
696 silly packumentCache full:https://registry.npmjs.org/punycode cache-miss
697 http cache https://registry.npmjs.org/punycode 75ms (cache hit)
698 silly packumentCache full:https://registry.npmjs.org/punycode set size:61278 disposed:false
699 silly placeDep ROOT lodash@4.18.1 OK for: request-promise-core@1.1.3 want: ^4.17.15
700 silly placeDep ROOT isarray@2.0.5 OK for: safe-array-concat@1.1.4 want: ^2.0.5
701 silly placeDep node_modules/socks-proxy-agent agent-base@7.1.4 OK for: socks-proxy-agent@8.0.5 want: ^7.1.2
702 silly placeDep node_modules/socks-proxy-agent debug@4.4.3 OK for: socks-proxy-agent@8.0.5 want: ^4.3.4
703 silly placeDep ROOT socks@2.8.9 OK for: socks-proxy-agent@8.0.5 want: ^2.8.3
704 silly fetch manifest ms@^2.1.3
705 silly packumentCache full:https://registry.npmjs.org/ms cache-hit
706 silly fetch manifest ip-address@^10.1.1
707 silly packumentCache full:https://registry.npmjs.org/ip-address cache-miss
708 silly fetch manifest smart-buffer@^4.2.0
709 silly packumentCache full:https://registry.npmjs.org/smart-buffer cache-miss
710 http fetch GET 200 https://registry.npmjs.org/ip-address 179ms (cache miss)
711 silly packumentCache full:https://registry.npmjs.org/ip-address set size:undefined disposed:false
712 http fetch GET 200 https://registry.npmjs.org/smart-buffer 372ms (cache miss)
713 silly packumentCache full:https://registry.npmjs.org/smart-buffer set size:undefined disposed:false
714 silly placeDep ROOT ip-address@10.2.0 OK for: socks@2.8.9 want: ^10.1.1
715 silly placeDep ROOT smart-buffer@4.2.0 OK for: socks@2.8.9 want: ^4.2.0
716 silly placeDep ROOT asn1@0.2.6 OK for: sshpk@1.18.0 want: ~0.2.3
717 silly placeDep ROOT bcrypt-pbkdf@1.0.2 OK for: sshpk@1.18.0 want: ^1.0.0
718 silly placeDep ROOT dashdash@1.14.1 OK for: sshpk@1.18.0 want: ^1.12.0
719 silly placeDep ROOT ecc-jsbn@0.1.2 OK for: sshpk@1.18.0 want: ~0.1.1
720 silly placeDep ROOT getpass@0.1.7 OK for: sshpk@1.18.0 want: ^0.1.1
721 silly placeDep ROOT jsbn@0.1.1 OK for: sshpk@1.18.0 want: ~0.1.0
722 silly placeDep ROOT tweetnacl@0.14.5 OK for: sshpk@1.18.0 want: ~0.14.0
723 silly fetch manifest tweetnacl@^0.14.3
724 silly packumentCache full:https://registry.npmjs.org/tweetnacl cache-miss
725 http cache https://registry.npmjs.org/tweetnacl 46ms (cache hit)
726 silly packumentCache full:https://registry.npmjs.org/tweetnacl set size:79790 disposed:false
727 silly placeDep ROOT tldts@6.1.86 OK for: tough-cookie@5.1.2 want: ^6.1.32
728 silly fetch manifest tldts-core@^6.1.86
729 silly packumentCache full:https://registry.npmjs.org/tldts-core cache-miss
730 http fetch GET 200 https://registry.npmjs.org/tldts-core 571ms (cache miss)
731 silly packumentCache full:https://registry.npmjs.org/tldts-core set size:undefined disposed:false
732 silly placeDep ROOT tldts-core@6.1.86 OK for: tldts@6.1.86 want: ^6.1.86
733 silly placeDep ROOT for-each@0.3.5 OK for: typed-array-byte-length@1.0.3 want: ^0.3.3
734 silly placeDep ROOT reflect.getprototypeof@1.0.10 OK for: typed-array-byte-offset@1.0.4 want: ^1.0.9
735 silly fetch manifest which-builtin-type@^1.2.1
736 silly packumentCache full:https://registry.npmjs.org/which-builtin-type cache-miss
737 http fetch GET 200 https://registry.npmjs.org/which-builtin-type 118ms (cache miss)
738 silly packumentCache full:https://registry.npmjs.org/which-builtin-type set size:undefined disposed:false
739 silly placeDep ROOT which-builtin-type@1.2.1 OK for: reflect.getprototypeof@1.0.10 want: ^1.2.1
740 silly fetch manifest is-async-function@^2.0.0
741 silly packumentCache full:https://registry.npmjs.org/is-async-function cache-miss
742 silly fetch manifest is-finalizationregistry@^1.1.0
743 silly packumentCache full:https://registry.npmjs.org/is-finalizationregistry cache-miss
744 silly fetch manifest is-generator-function@^1.0.10
745 silly packumentCache full:https://registry.npmjs.org/is-generator-function cache-miss
746 silly fetch manifest which-boxed-primitive@^1.1.0
747 silly packumentCache full:https://registry.npmjs.org/which-boxed-primitive cache-miss
748 silly fetch manifest which-collection@^1.0.2
749 silly packumentCache full:https://registry.npmjs.org/which-collection cache-miss
750 http cache https://registry.npmjs.org/which-boxed-primitive 57ms (cache hit)
751 silly packumentCache full:https://registry.npmjs.org/which-boxed-primitive set size:19407 disposed:false
752 http fetch GET 200 https://registry.npmjs.org/is-generator-function 148ms (cache miss)
753 silly packumentCache full:https://registry.npmjs.org/is-generator-function set size:undefined disposed:false
754 http fetch GET 200 https://registry.npmjs.org/is-async-function 155ms (cache miss)
755 silly packumentCache full:https://registry.npmjs.org/is-async-function set size:undefined disposed:false
756 http fetch GET 200 https://registry.npmjs.org/which-collection 153ms (cache miss)
757 silly packumentCache full:https://registry.npmjs.org/which-collection set size:undefined disposed:false
758 http fetch GET 200 https://registry.npmjs.org/is-finalizationregistry 158ms (cache miss)
759 silly packumentCache full:https://registry.npmjs.org/is-finalizationregistry set size:undefined disposed:false
760 silly placeDep ROOT has-bigints@1.1.0 OK for: unbox-primitive@1.1.0 want: ^1.0.2
761 silly placeDep ROOT which-boxed-primitive@1.1.1 OK for: unbox-primitive@1.1.0 want: ^1.1.1
762 silly fetch manifest is-bigint@^1.1.0
763 silly packumentCache full:https://registry.npmjs.org/is-bigint cache-miss
764 silly fetch manifest is-boolean-object@^1.2.1
765 silly packumentCache full:https://registry.npmjs.org/is-boolean-object cache-miss
766 silly fetch manifest is-number-object@^1.1.1
767 silly packumentCache full:https://registry.npmjs.org/is-number-object cache-miss
768 http fetch GET 200 https://registry.npmjs.org/is-bigint 122ms (cache miss)
769 silly packumentCache full:https://registry.npmjs.org/is-bigint set size:undefined disposed:false
770 http fetch GET 200 https://registry.npmjs.org/is-number-object 122ms (cache miss)
771 silly packumentCache full:https://registry.npmjs.org/is-number-object set size:undefined disposed:false
772 http fetch GET 200 https://registry.npmjs.org/is-boolean-object 409ms (cache miss)
773 silly packumentCache full:https://registry.npmjs.org/is-boolean-object set size:undefined disposed:false
774 silly placeDep ROOT punycode@2.3.1 OK for: uri-js@4.4.1 want: ^2.1.0
775 silly placeDep ROOT core-util-is@1.0.2 OK for: verror@1.10.0 want: 1.0.2
776 silly placeDep ROOT is-bigint@1.1.0 OK for: which-boxed-primitive@1.1.1 want: ^1.1.0
777 silly placeDep ROOT is-boolean-object@1.2.2 OK for: which-boxed-primitive@1.1.1 want: ^1.2.1
778 silly placeDep ROOT is-number-object@1.1.1 OK for: which-boxed-primitive@1.1.1 want: ^1.1.1
779 silly placeDep ROOT is-async-function@2.1.1 OK for: which-builtin-type@1.2.1 want: ^2.0.0
780 silly placeDep ROOT is-finalizationregistry@1.1.1 OK for: which-builtin-type@1.2.1 want: ^1.1.0
781 silly placeDep ROOT is-generator-function@1.1.2 OK for: which-builtin-type@1.2.1 want: ^1.0.10
782 silly placeDep ROOT which-collection@1.0.2 OK for: which-builtin-type@1.2.1 want: ^1.0.2
783 silly fetch manifest async-function@^1.0.0
784 silly packumentCache full:https://registry.npmjs.org/async-function cache-miss
785 silly fetch manifest generator-function@^2.0.0
786 silly packumentCache full:https://registry.npmjs.org/generator-function cache-miss
787 silly fetch manifest is-map@^2.0.3
788 silly packumentCache full:https://registry.npmjs.org/is-map cache-miss
789 silly fetch manifest is-weakmap@^2.0.2
790 silly packumentCache full:https://registry.npmjs.org/is-weakmap cache-miss
791 silly fetch manifest is-weakset@^2.0.3
792 silly packumentCache full:https://registry.npmjs.org/is-weakset cache-miss
793 http fetch GET 200 https://registry.npmjs.org/async-function 132ms (cache miss)
794 silly packumentCache full:https://registry.npmjs.org/async-function set size:undefined disposed:false
795 http fetch GET 200 https://registry.npmjs.org/is-map 132ms (cache miss)
796 silly packumentCache full:https://registry.npmjs.org/is-map set size:undefined disposed:false
797 http fetch GET 200 https://registry.npmjs.org/is-weakmap 136ms (cache miss)
798 silly packumentCache full:https://registry.npmjs.org/is-weakmap set size:undefined disposed:false
799 http fetch GET 200 https://registry.npmjs.org/generator-function 141ms (cache miss)
800 silly packumentCache full:https://registry.npmjs.org/generator-function set size:undefined disposed:false
801 http fetch GET 200 https://registry.npmjs.org/is-weakset 138ms (cache miss)
802 silly packumentCache full:https://registry.npmjs.org/is-weakset set size:undefined disposed:false
803 silly placeDep ROOT async-function@1.0.0 OK for: is-async-function@2.1.1 want: ^1.0.0
804 silly placeDep ROOT generator-function@2.0.1 OK for: is-generator-function@1.1.2 want: ^2.0.0
805 silly placeDep ROOT is-map@2.0.3 OK for: which-collection@1.0.2 want: ^2.0.3
806 silly placeDep ROOT is-weakmap@2.0.2 OK for: which-collection@1.0.2 want: ^2.0.2
807 silly placeDep ROOT is-weakset@2.0.4 OK for: which-collection@1.0.2 want: ^2.0.3
808 silly placeDep ROOT psl@1.15.0 OK for: tough-cookie@4.1.4 want: ^1.1.33
809 silly placeDep ROOT universalify@0.2.0 OK for: tough-cookie@4.1.4 want: ^0.2.0
810 silly placeDep ROOT url-parse@1.5.10 OK for: tough-cookie@4.1.4 want: ^1.5.3
811 silly fetch manifest querystringify@^2.1.1
812 silly packumentCache full:https://registry.npmjs.org/querystringify cache-miss
813 silly fetch manifest requires-port@^1.0.0
814 silly packumentCache full:https://registry.npmjs.org/requires-port cache-miss
815 http fetch GET 200 https://registry.npmjs.org/querystringify 168ms (cache miss)
816 silly packumentCache full:https://registry.npmjs.org/querystringify set size:undefined disposed:false
817 http fetch GET 200 https://registry.npmjs.org/requires-port 172ms (cache miss)
818 silly packumentCache full:https://registry.npmjs.org/requires-port set size:undefined disposed:false
819 silly placeDep ROOT querystringify@2.2.0 OK for: url-parse@1.5.10 want: ^2.1.1
820 silly placeDep ROOT requires-port@1.0.0 OK for: url-parse@1.5.10 want: ^1.0.0
821 silly placeDep node_modules/bl isarray@1.0.0 OK for: readable-stream@2.3.8 want: ~1.0.0
822 silly placeDep ROOT process-nextick-args@2.0.1 OK for: readable-stream@2.3.8 want: ~2.0.0
823 silly placeDep node_modules/bl safe-buffer@5.1.2 OK for: readable-stream@2.3.8 want: ~5.1.1
824 silly placeDep node_modules/bl string_decoder@1.1.1 OK for: readable-stream@2.3.8 want: ~1.1.1
825 silly placeDep node_modules/node-telegram-bot-api ms@2.1.3 OK for: debug@3.2.7 want: ^2.1.1
826 silly placeDep node_modules/request jsprim@1.4.2 OK for: http-signature@1.2.0 want: ^1.2.2
827 silly placeDep node_modules/socks-proxy-agent ms@2.1.3 OK for: debug@4.4.3 want: ^2.1.3
828 silly reify moves {}
829 http cache process-nextick-args@https://registry.npmjs.org/process-nextick-args/-/process-nextick-args-2.0.1.tgz 1ms (cache hit)
830 http cache url-parse@https://registry.npmjs.org/url-parse/-/url-parse-1.5.10.tgz 0ms (cache hit)
831 http cache universalify@https://registry.npmjs.org/universalify/-/universalify-0.2.0.tgz 0ms (cache hit)
832 http cache querystringify@https://registry.npmjs.org/querystringify/-/querystringify-2.2.0.tgz 0ms (cache hit)
833 http cache generator-function@https://registry.npmjs.org/generator-function/-/generator-function-2.0.1.tgz 0ms (cache hit)
834 http cache psl@https://registry.npmjs.org/psl/-/psl-1.15.0.tgz 0ms (cache hit)
835 http cache is-weakset@https://registry.npmjs.org/is-weakset/-/is-weakset-2.0.4.tgz 0ms (cache hit)
836 http cache is-weakmap@https://registry.npmjs.org/is-weakmap/-/is-weakmap-2.0.2.tgz 0ms (cache hit)
837 http cache is-map@https://registry.npmjs.org/is-map/-/is-map-2.0.3.tgz 0ms (cache hit)
838 http cache async-function@https://registry.npmjs.org/async-function/-/async-function-1.0.0.tgz 0ms (cache hit)
839 http cache requires-port@https://registry.npmjs.org/requires-port/-/requires-port-1.0.0.tgz 0ms (cache hit)
840 http cache which-collection@https://registry.npmjs.org/which-collection/-/which-collection-1.0.2.tgz 0ms (cache hit)
841 http cache is-generator-function@https://registry.npmjs.org/is-generator-function/-/is-generator-function-1.1.2.tgz 0ms (cache hit)
842 http cache is-finalizationregistry@https://registry.npmjs.org/is-finalizationregistry/-/is-finalizationregistry-1.1.1.tgz 0ms (cache hit)
843 http cache is-boolean-object@https://registry.npmjs.org/is-boolean-object/-/is-boolean-object-1.2.2.tgz 0ms (cache hit)
844 http cache core-util-is@https://registry.npmjs.org/core-util-is/-/core-util-is-1.0.2.tgz 0ms (cache hit)
845 http cache is-bigint@https://registry.npmjs.org/is-bigint/-/is-bigint-1.1.0.tgz 0ms (cache hit)
846 http cache which-boxed-primitive@https://registry.npmjs.org/which-boxed-primitive/-/which-boxed-primitive-1.1.1.tgz 0ms (cache hit)
847 http cache is-async-function@https://registry.npmjs.org/is-async-function/-/is-async-function-2.1.1.tgz 0ms (cache hit)
848 http cache punycode@https://registry.npmjs.org/punycode/-/punycode-2.3.1.tgz 0ms (cache hit)
849 http cache for-each@https://registry.npmjs.org/for-each/-/for-each-0.3.5.tgz 0ms (cache hit)
850 http cache is-number-object@https://registry.npmjs.org/is-number-object/-/is-number-object-1.1.1.tgz 0ms (cache hit)
851 http cache has-bigints@https://registry.npmjs.org/has-bigints/-/has-bigints-1.1.0.tgz 0ms (cache hit)
852 http cache reflect.getprototypeof@https://registry.npmjs.org/reflect.getprototypeof/-/reflect.getprototypeof-1.0.10.tgz 0ms (cache hit)
853 http cache tldts@https://registry.npmjs.org/tldts/-/tldts-6.1.86.tgz 0ms (cache hit)
854 http cache which-builtin-type@https://registry.npmjs.org/which-builtin-type/-/which-builtin-type-1.2.1.tgz 0ms (cache hit)
855 http cache tldts-core@https://registry.npmjs.org/tldts-core/-/tldts-core-6.1.86.tgz 0ms (cache hit)
856 http cache tweetnacl@https://registry.npmjs.org/tweetnacl/-/tweetnacl-0.14.5.tgz 0ms (cache hit)
857 http cache getpass@https://registry.npmjs.org/getpass/-/getpass-0.1.7.tgz 0ms (cache hit)
858 http cache jsbn@https://registry.npmjs.org/jsbn/-/jsbn-0.1.1.tgz 0ms (cache hit)
859 http cache ecc-jsbn@https://registry.npmjs.org/ecc-jsbn/-/ecc-jsbn-0.1.2.tgz 0ms (cache hit)
860 http cache dashdash@https://registry.npmjs.org/dashdash/-/dashdash-1.14.1.tgz 0ms (cache hit)
861 http cache bcrypt-pbkdf@https://registry.npmjs.org/bcrypt-pbkdf/-/bcrypt-pbkdf-1.0.2.tgz 0ms (cache hit)
862 http cache asn1@https://registry.npmjs.org/asn1/-/asn1-0.2.6.tgz 0ms (cache hit)
863 http cache lodash@https://registry.npmjs.org/lodash/-/lodash-4.18.1.tgz 0ms (cache hit)
864 http cache smart-buffer@https://registry.npmjs.org/smart-buffer/-/smart-buffer-4.2.0.tgz 0ms (cache hit)
865 http cache socks@https://registry.npmjs.org/socks/-/socks-2.8.9.tgz 0ms (cache hit)
866 http cache isarray@https://registry.npmjs.org/isarray/-/isarray-2.0.5.tgz 0ms (cache hit)
867 http cache ip-address@https://registry.npmjs.org/ip-address/-/ip-address-10.2.0.tgz 0ms (cache hit)
868 http cache fast-json-stable-stringify@https://registry.npmjs.org/fast-json-stable-stringify/-/fast-json-stable-stringify-2.1.0.tgz 0ms (cache hit)
869 http cache uri-js@https://registry.npmjs.org/uri-js/-/uri-js-4.4.1.tgz 0ms (cache hit)
870 http cache json-schema-traverse@https://registry.npmjs.org/json-schema-traverse/-/json-schema-traverse-0.4.1.tgz 0ms (cache hit)
871 http cache fast-deep-equal@https://registry.npmjs.org/fast-deep-equal/-/fast-deep-equal-3.1.3.tgz 0ms (cache hit)
872 http cache har-schema@https://registry.npmjs.org/har-schema/-/har-schema-2.0.0.tgz 0ms (cache hit)
873 http cache ajv@https://registry.npmjs.org/ajv/-/ajv-6.15.0.tgz 0ms (cache hit)
874 http cache oauth-sign@https://registry.npmjs.org/oauth-sign/-/oauth-sign-0.9.0.tgz 0ms (cache hit)
875 http cache har-validator@https://registry.npmjs.org/har-validator/-/har-validator-5.1.5.tgz 0ms (cache hit)
876 http cache set-function-name@https://registry.npmjs.org/set-function-name/-/set-function-name-2.0.2.tgz 0ms (cache hit)
877 http cache verror@https://registry.npmjs.org/verror/-/verror-1.10.0.tgz 0ms (cache hit)
878 http cache end-of-stream@https://registry.npmjs.org/end-of-stream/-/end-of-stream-1.4.5.tgz 0ms (cache hit)
879 http cache json-schema@https://registry.npmjs.org/json-schema/-/json-schema-0.4.0.tgz 0ms (cache hit)
880 http cache extsprintf@https://registry.npmjs.org/extsprintf/-/extsprintf-1.3.0.tgz 0ms (cache hit)
881 http cache sshpk@https://registry.npmjs.org/sshpk/-/sshpk-1.18.0.tgz 0ms (cache hit)
882 http cache assert-plus@https://registry.npmjs.org/assert-plus/-/assert-plus-1.0.0.tgz 0ms (cache hit)
883 http cache functions-have-names@https://registry.npmjs.org/functions-have-names/-/functions-have-names-1.2.3.tgz 0ms (cache hit)
884 http cache jsprim@https://registry.npmjs.org/jsprim/-/jsprim-2.0.2.tgz 0ms (cache hit)
885 http cache is-date-object@https://registry.npmjs.org/is-date-object/-/is-date-object-1.1.0.tgz 0ms (cache hit)
886 http cache is-symbol@https://registry.npmjs.org/is-symbol/-/is-symbol-1.1.1.tgz 0ms (cache hit)
887 http cache possible-typed-array-names@https://registry.npmjs.org/possible-typed-array-names/-/possible-typed-array-names-1.1.0.tgz 0ms (cache hit)
888 http cache which-typed-array@https://registry.npmjs.org/which-typed-array/-/which-typed-array-1.1.21.tgz 0ms (cache hit)
889 http cache unbox-primitive@https://registry.npmjs.org/unbox-primitive/-/unbox-primitive-1.1.0.tgz 0ms (cache hit)
890 http cache typed-array-byte-length@https://registry.npmjs.org/typed-array-byte-length/-/typed-array-byte-length-1.0.3.tgz 0ms (cache hit)
891 http cache typed-array-length@https://registry.npmjs.org/typed-array-length/-/typed-array-length-1.0.8.tgz 0ms (cache hit)
892 http cache typed-array-byte-offset@https://registry.npmjs.org/typed-array-byte-offset/-/typed-array-byte-offset-1.0.4.tgz 0ms (cache hit)
893 http cache typed-array-buffer@https://registry.npmjs.org/typed-array-buffer/-/typed-array-buffer-1.0.3.tgz 0ms (cache hit)
894 http cache string.prototype.trimend@https://registry.npmjs.org/string.prototype.trimend/-/string.prototype.trimend-1.0.9.tgz 0ms (cache hit)
895 http cache string.prototype.trimstart@https://registry.npmjs.org/string.prototype.trimstart/-/string.prototype.trimstart-1.0.8.tgz 0ms (cache hit)
896 http cache string.prototype.trim@https://registry.npmjs.org/string.prototype.trim/-/string.prototype.trim-1.2.10.tgz 0ms (cache hit)
897 http cache stop-iteration-iterator@https://registry.npmjs.org/stop-iteration-iterator/-/stop-iteration-iterator-1.1.0.tgz 0ms (cache hit)
898 http cache set-proto@https://registry.npmjs.org/set-proto/-/set-proto-1.0.0.tgz 0ms (cache hit)
899 http cache safe-push-apply@https://registry.npmjs.org/safe-push-apply/-/safe-push-apply-1.0.0.tgz 0ms (cache hit)
900 http cache safe-regex-test@https://registry.npmjs.org/safe-regex-test/-/safe-regex-test-1.1.0.tgz 0ms (cache hit)
901 http cache safe-array-concat@https://registry.npmjs.org/safe-array-concat/-/safe-array-concat-1.1.4.tgz 0ms (cache hit)
902 http cache regexp.prototype.flags@https://registry.npmjs.org/regexp.prototype.flags/-/regexp.prototype.flags-1.5.4.tgz 0ms (cache hit)
903 http cache object.assign@https://registry.npmjs.org/object.assign/-/object.assign-4.1.7.tgz 0ms (cache hit)
904 http cache is-typed-array@https://registry.npmjs.org/is-typed-array/-/is-typed-array-1.1.15.tgz 0ms (cache hit)
905 http cache own-keys@https://registry.npmjs.org/own-keys/-/own-keys-1.0.1.tgz 0ms (cache hit)
906 http cache is-string@https://registry.npmjs.org/is-string/-/is-string-1.1.1.tgz 0ms (cache hit)
907 http cache is-shared-array-buffer@https://registry.npmjs.org/is-shared-array-buffer/-/is-shared-array-buffer-1.0.4.tgz 0ms (cache hit)
908 http cache is-set@https://registry.npmjs.org/is-set/-/is-set-2.0.3.tgz 0ms (cache hit)
909 http cache is-weakref@https://registry.npmjs.org/is-weakref/-/is-weakref-1.1.1.tgz 0ms (cache hit)
910 http cache is-regex@https://registry.npmjs.org/is-regex/-/is-regex-1.2.1.tgz 0ms (cache hit)
911 http cache is-negative-zero@https://registry.npmjs.org/is-negative-zero/-/is-negative-zero-2.0.3.tgz 0ms (cache hit)
912 http cache is-callable@https://registry.npmjs.org/is-callable/-/is-callable-1.2.7.tgz 0ms (cache hit)
913 http cache is-data-view@https://registry.npmjs.org/is-data-view/-/is-data-view-1.0.2.tgz 0ms (cache hit)
914 http cache internal-slot@https://registry.npmjs.org/internal-slot/-/internal-slot-1.1.0.tgz 0ms (cache hit)
915 http cache is-array-buffer@https://registry.npmjs.org/is-array-buffer/-/is-array-buffer-3.0.5.tgz 0ms (cache hit)
916 http cache has-proto@https://registry.npmjs.org/has-proto/-/has-proto-1.2.0.tgz 0ms (cache hit)
917 http cache globalthis@https://registry.npmjs.org/globalthis/-/globalthis-1.0.4.tgz 0ms (cache hit)
918 http cache get-symbol-description@https://registry.npmjs.org/get-symbol-description/-/get-symbol-description-1.1.0.tgz 0ms (cache hit)
919 http cache function.prototype.name@https://registry.npmjs.org/function.prototype.name/-/function.prototype.name-1.1.8.tgz 0ms (cache hit)
920 http cache es-to-primitive@https://registry.npmjs.org/es-to-primitive/-/es-to-primitive-1.3.0.tgz 0ms (cache hit)
921 http cache data-view-byte-offset@https://registry.npmjs.org/data-view-byte-offset/-/data-view-byte-offset-1.0.1.tgz 0ms (cache hit)
922 http cache data-view-byte-length@https://registry.npmjs.org/data-view-byte-length/-/data-view-byte-length-1.0.2.tgz 0ms (cache hit)
923 http cache data-view-buffer@https://registry.npmjs.org/data-view-buffer/-/data-view-buffer-1.0.2.tgz 0ms (cache hit)
924 http cache arraybuffer.prototype.slice@https://registry.npmjs.org/arraybuffer.prototype.slice/-/arraybuffer.prototype.slice-1.0.4.tgz 0ms (cache hit)
925 http cache available-typed-arrays@https://registry.npmjs.org/available-typed-arrays/-/available-typed-arrays-1.0.7.tgz 0ms (cache hit)
926 http cache array-buffer-byte-length@https://registry.npmjs.org/array-buffer-byte-length/-/array-buffer-byte-length-1.0.2.tgz 0ms (cache hit)
927 http cache object-keys@https://registry.npmjs.org/object-keys/-/object-keys-1.1.1.tgz 0ms (cache hit)
928 http cache define-data-property@https://registry.npmjs.org/define-data-property/-/define-data-property-1.1.4.tgz 0ms (cache hit)
929 http cache has-property-descriptors@https://registry.npmjs.org/has-property-descriptors/-/has-property-descriptors-1.0.2.tgz 0ms (cache hit)
930 http cache set-function-length@https://registry.npmjs.org/set-function-length/-/set-function-length-1.2.2.tgz 0ms (cache hit)
931 http cache es-shim-unscopables@https://registry.npmjs.org/es-shim-unscopables/-/es-shim-unscopables-1.1.0.tgz 0ms (cache hit)
932 http cache es-abstract@https://registry.npmjs.org/es-abstract/-/es-abstract-1.24.2.tgz 0ms (cache hit)
933 http cache define-properties@https://registry.npmjs.org/define-properties/-/define-properties-1.2.1.tgz 0ms (cache hit)
934 http cache stealthy-require@https://registry.npmjs.org/stealthy-require/-/stealthy-require-1.1.1.tgz 0ms (cache hit)
935 http cache call-bind@https://registry.npmjs.org/call-bind/-/call-bind-1.0.9.tgz 0ms (cache hit)
936 http cache request-promise-core@https://registry.npmjs.org/request-promise-core/-/request-promise-core-1.1.3.tgz 0ms (cache hit)
937 http cache uuid@https://registry.npmjs.org/uuid/-/uuid-8.3.2.tgz 0ms (cache hit)
938 http cache request@https://registry.npmjs.org/request/-/request-2.88.2.tgz 0ms (cache hit)
939 http cache tunnel-agent@https://registry.npmjs.org/tunnel-agent/-/tunnel-agent-0.6.0.tgz 0ms (cache hit)
940 http cache performance-now@https://registry.npmjs.org/performance-now/-/performance-now-2.1.0.tgz 0ms (cache hit)
941 http cache tough-cookie@https://registry.npmjs.org/tough-cookie/-/tough-cookie-5.1.2.tgz 0ms (cache hit)
942 http cache json-stringify-safe@https://registry.npmjs.org/json-stringify-safe/-/json-stringify-safe-5.0.1.tgz 0ms (cache hit)
943 http cache isstream@https://registry.npmjs.org/isstream/-/isstream-0.1.2.tgz 0ms (cache hit)
944 http cache is-typedarray@https://registry.npmjs.org/is-typedarray/-/is-typedarray-1.0.0.tgz 0ms (cache hit)
945 http cache forever-agent@https://registry.npmjs.org/forever-agent/-/forever-agent-0.6.1.tgz 0ms (cache hit)
946 http cache http-signature@https://registry.npmjs.org/http-signature/-/http-signature-1.4.0.tgz 0ms (cache hit)
947 http cache extend@https://registry.npmjs.org/extend/-/extend-3.0.2.tgz 0ms (cache hit)
948 http cache aws4@https://registry.npmjs.org/aws4/-/aws4-1.13.2.tgz 0ms (cache hit)
949 http cache aws-sign2@https://registry.npmjs.org/aws-sign2/-/aws-sign2-0.7.0.tgz 0ms (cache hit)
950 http cache pump@https://registry.npmjs.org/pump/-/pump-2.0.1.tgz 0ms (cache hit)
951 http cache caseless@https://registry.npmjs.org/caseless/-/caseless-0.12.0.tgz 0ms (cache hit)
952 http cache eventemitter3@https://registry.npmjs.org/eventemitter3/-/eventemitter3-3.1.2.tgz 0ms (cache hit)
953 http cache file-type@https://registry.npmjs.org/file-type/-/file-type-3.9.0.tgz 0ms (cache hit)
954 http cache bl@https://registry.npmjs.org/bl/-/bl-1.2.3.tgz 0ms (cache hit)
955 http cache array.prototype.findindex@https://registry.npmjs.org/array.prototype.findindex/-/array.prototype.findindex-2.2.4.tgz 0ms (cache hit)
956 http cache socks-proxy-agent@https://registry.npmjs.org/socks-proxy-agent/-/socks-proxy-agent-8.0.5.tgz 0ms (cache hit)
957 http cache node-telegram-bot-api@https://registry.npmjs.org/node-telegram-bot-api/-/node-telegram-bot-api-0.66.0.tgz 0ms (cache hit)
958 http cache bluebird@https://registry.npmjs.org/bluebird/-/bluebird-3.7.2.tgz 0ms (cache hit)
959 http cache node-red-contrib-telegrambot@https://registry.npmjs.org/node-red-contrib-telegrambot/-/node-red-contrib-telegrambot-17.4.12.tgz 0ms (cache hit)
960 http cache @cypress/request-promise@https://registry.npmjs.org/@cypress/request-promise/-/request-promise-5.0.0.tgz 0ms (cache hit)
961 http cache @cypress/request@https://registry.npmjs.org/@cypress/request/-/request-3.0.10.tgz 1ms (cache hit)
962 http cache jsprim@https://registry.npmjs.org/jsprim/-/jsprim-1.4.2.tgz 0ms (cache hit)
963 http cache tough-cookie@https://registry.npmjs.org/tough-cookie/-/tough-cookie-2.5.0.tgz 0ms (cache hit)
964 http cache uuid@https://registry.npmjs.org/uuid/-/uuid-3.4.0.tgz 0ms (cache hit)
965 http cache qs@https://registry.npmjs.org/qs/-/qs-6.5.5.tgz 0ms (cache hit)
966 http cache http-signature@https://registry.npmjs.org/http-signature/-/http-signature-1.2.0.tgz 0ms (cache hit)
967 http cache form-data@https://registry.npmjs.org/form-data/-/form-data-2.3.3.tgz 0ms (cache hit)
968 http cache string_decoder@https://registry.npmjs.org/string_decoder/-/string_decoder-1.1.1.tgz 0ms (cache hit)
969 http cache isarray@https://registry.npmjs.org/isarray/-/isarray-1.0.0.tgz 0ms (cache hit)
970 http cache readable-stream@https://registry.npmjs.org/readable-stream/-/readable-stream-2.3.8.tgz 0ms (cache hit)
971 http cache safe-buffer@https://registry.npmjs.org/safe-buffer/-/safe-buffer-5.1.2.tgz 0ms (cache hit)
972 http cache agent-base@https://registry.npmjs.org/agent-base/-/agent-base-7.1.4.tgz 0ms (cache hit)
973 http cache debug@https://registry.npmjs.org/debug/-/debug-4.4.3.tgz 0ms (cache hit)
974 http cache ms@https://registry.npmjs.org/ms/-/ms-2.1.3.tgz 0ms (cache hit)
975 silly tarball no local data for process-nextick-args@https://registry.npmjs.org/process-nextick-args/-/process-nextick-args-2.0.1.tgz. Extracting by manifest.
976 http cache ms@https://registry.npmjs.org/ms/-/ms-2.1.3.tgz 0ms (cache hit)
977 silly tarball no local data for url-parse@https://registry.npmjs.org/url-parse/-/url-parse-1.5.10.tgz. Extracting by manifest.
978 http cache debug@https://registry.npmjs.org/debug/-/debug-3.2.7.tgz 0ms (cache hit)
979 silly tarball no local data for generator-function@https://registry.npmjs.org/generator-function/-/generator-function-2.0.1.tgz. Extracting by manifest.
980 http cache tough-cookie@https://registry.npmjs.org/tough-cookie/-/tough-cookie-4.1.4.tgz 0ms (cache hit)
981 silly tarball no local data for querystringify@https://registry.npmjs.org/querystringify/-/querystringify-2.2.0.tgz. Extracting by manifest.
982 silly tarball no local data for universalify@https://registry.npmjs.org/universalify/-/universalify-0.2.0.tgz. Extracting by manifest.
983 silly tarball no local data for psl@https://registry.npmjs.org/psl/-/psl-1.15.0.tgz. Extracting by manifest.
984 silly tarball no local data for is-map@https://registry.npmjs.org/is-map/-/is-map-2.0.3.tgz. Extracting by manifest.
985 silly tarball no local data for is-weakset@https://registry.npmjs.org/is-weakset/-/is-weakset-2.0.4.tgz. Extracting by manifest.
986 silly tarball no local data for is-weakmap@https://registry.npmjs.org/is-weakmap/-/is-weakmap-2.0.2.tgz. Extracting by manifest.
987 silly tarball no local data for async-function@https://registry.npmjs.org/async-function/-/async-function-1.0.0.tgz. Extracting by manifest.
988 silly tarball no local data for requires-port@https://registry.npmjs.org/requires-port/-/requires-port-1.0.0.tgz. Extracting by manifest.
989 silly tarball no local data for which-collection@https://registry.npmjs.org/which-collection/-/which-collection-1.0.2.tgz. Extracting by manifest.
990 silly tarball no local data for is-generator-function@https://registry.npmjs.org/is-generator-function/-/is-generator-function-1.1.2.tgz. Extracting by manifest.
991 silly tarball no local data for core-util-is@https://registry.npmjs.org/core-util-is/-/core-util-is-1.0.2.tgz. Extracting by manifest.
992 silly tarball no local data for is-finalizationregistry@https://registry.npmjs.org/is-finalizationregistry/-/is-finalizationregistry-1.1.1.tgz. Extracting by manifest.
993 silly tarball no local data for is-boolean-object@https://registry.npmjs.org/is-boolean-object/-/is-boolean-object-1.2.2.tgz. Extracting by manifest.
994 http cache qs@https://registry.npmjs.org/qs/-/qs-6.14.2.tgz 0ms (cache hit)
995 silly tarball no local data for is-bigint@https://registry.npmjs.org/is-bigint/-/is-bigint-1.1.0.tgz. Extracting by manifest.
996 silly tarball no local data for which-boxed-primitive@https://registry.npmjs.org/which-boxed-primitive/-/which-boxed-primitive-1.1.1.tgz. Extracting by manifest.
997 silly tarball no local data for is-async-function@https://registry.npmjs.org/is-async-function/-/is-async-function-2.1.1.tgz. Extracting by manifest.
998 silly tarball no local data for punycode@https://registry.npmjs.org/punycode/-/punycode-2.3.1.tgz. Extracting by manifest.
999 silly tarball no local data for for-each@https://registry.npmjs.org/for-each/-/for-each-0.3.5.tgz. Extracting by manifest.
1000 silly tarball no local data for is-number-object@https://registry.npmjs.org/is-number-object/-/is-number-object-1.1.1.tgz. Extracting by manifest.
1001 silly tarball no local data for has-bigints@https://registry.npmjs.org/has-bigints/-/has-bigints-1.1.0.tgz. Extracting by manifest.
1002 silly tarball no local data for reflect.getprototypeof@https://registry.npmjs.org/reflect.getprototypeof/-/reflect.getprototypeof-1.0.10.tgz. Extracting by manifest.
1003 silly tarball no local data for tldts@https://registry.npmjs.org/tldts/-/tldts-6.1.86.tgz. Extracting by manifest.
1004 silly tarball no local data for which-builtin-type@https://registry.npmjs.org/which-builtin-type/-/which-builtin-type-1.2.1.tgz. Extracting by manifest.
1005 silly tarball no local data for getpass@https://registry.npmjs.org/getpass/-/getpass-0.1.7.tgz. Extracting by manifest.
1006 silly tarball no local data for tldts-core@https://registry.npmjs.org/tldts-core/-/tldts-core-6.1.86.tgz. Extracting by manifest.
1007 silly tarball no local data for dashdash@https://registry.npmjs.org/dashdash/-/dashdash-1.14.1.tgz. Extracting by manifest.
1008 silly tarball no local data for tweetnacl@https://registry.npmjs.org/tweetnacl/-/tweetnacl-0.14.5.tgz. Extracting by manifest.
1009 silly tarball no local data for jsbn@https://registry.npmjs.org/jsbn/-/jsbn-0.1.1.tgz. Extracting by manifest.
1010 silly tarball no local data for bcrypt-pbkdf@https://registry.npmjs.org/bcrypt-pbkdf/-/bcrypt-pbkdf-1.0.2.tgz. Extracting by manifest.
1011 silly tarball no local data for ecc-jsbn@https://registry.npmjs.org/ecc-jsbn/-/ecc-jsbn-0.1.2.tgz. Extracting by manifest.
1012 silly tarball no local data for smart-buffer@https://registry.npmjs.org/smart-buffer/-/smart-buffer-4.2.0.tgz. Extracting by manifest.
1013 silly tarball no local data for asn1@https://registry.npmjs.org/asn1/-/asn1-0.2.6.tgz. Extracting by manifest.
1014 silly tarball no local data for isarray@https://registry.npmjs.org/isarray/-/isarray-2.0.5.tgz. Extracting by manifest.
1015 silly tarball no local data for lodash@https://registry.npmjs.org/lodash/-/lodash-4.18.1.tgz. Extracting by manifest.
1016 silly tarball no local data for socks@https://registry.npmjs.org/socks/-/socks-2.8.9.tgz. Extracting by manifest.
1017 silly tarball no local data for ip-address@https://registry.npmjs.org/ip-address/-/ip-address-10.2.0.tgz. Extracting by manifest.
1018 silly tarball no local data for fast-json-stable-stringify@https://registry.npmjs.org/fast-json-stable-stringify/-/fast-json-stable-stringify-2.1.0.tgz. Extracting by manifest.
1019 silly tarball no local data for uri-js@https://registry.npmjs.org/uri-js/-/uri-js-4.4.1.tgz. Extracting by manifest.
1020 silly tarball no local data for json-schema-traverse@https://registry.npmjs.org/json-schema-traverse/-/json-schema-traverse-0.4.1.tgz. Extracting by manifest.
1021 silly tarball no local data for fast-deep-equal@https://registry.npmjs.org/fast-deep-equal/-/fast-deep-equal-3.1.3.tgz. Extracting by manifest.
1022 silly tarball no local data for ajv@https://registry.npmjs.org/ajv/-/ajv-6.15.0.tgz. Extracting by manifest.
1023 silly tarball no local data for oauth-sign@https://registry.npmjs.org/oauth-sign/-/oauth-sign-0.9.0.tgz. Extracting by manifest.
1024 silly tarball no local data for har-validator@https://registry.npmjs.org/har-validator/-/har-validator-5.1.5.tgz. Extracting by manifest.
1025 silly tarball no local data for har-schema@https://registry.npmjs.org/har-schema/-/har-schema-2.0.0.tgz. Extracting by manifest.
1026 silly tarball no local data for set-function-name@https://registry.npmjs.org/set-function-name/-/set-function-name-2.0.2.tgz. Extracting by manifest.
1027 silly tarball no local data for verror@https://registry.npmjs.org/verror/-/verror-1.10.0.tgz. Extracting by manifest.
1028 silly tarball no local data for json-schema@https://registry.npmjs.org/json-schema/-/json-schema-0.4.0.tgz. Extracting by manifest.
1029 silly tarball no local data for extsprintf@https://registry.npmjs.org/extsprintf/-/extsprintf-1.3.0.tgz. Extracting by manifest.
1030 silly tarball no local data for sshpk@https://registry.npmjs.org/sshpk/-/sshpk-1.18.0.tgz. Extracting by manifest.
1031 silly tarball no local data for end-of-stream@https://registry.npmjs.org/end-of-stream/-/end-of-stream-1.4.5.tgz. Extracting by manifest.
1032 silly tarball no local data for assert-plus@https://registry.npmjs.org/assert-plus/-/assert-plus-1.0.0.tgz. Extracting by manifest.
1033 silly tarball no local data for functions-have-names@https://registry.npmjs.org/functions-have-names/-/functions-have-names-1.2.3.tgz. Extracting by manifest.
1034 silly tarball no local data for jsprim@https://registry.npmjs.org/jsprim/-/jsprim-2.0.2.tgz. Extracting by manifest.
1035 silly tarball no local data for is-date-object@https://registry.npmjs.org/is-date-object/-/is-date-object-1.1.0.tgz. Extracting by manifest.
1036 silly tarball no local data for is-symbol@https://registry.npmjs.org/is-symbol/-/is-symbol-1.1.1.tgz. Extracting by manifest.
1037 silly tarball no local data for possible-typed-array-names@https://registry.npmjs.org/possible-typed-array-names/-/possible-typed-array-names-1.1.0.tgz. Extracting by manifest.
1038 silly tarball no local data for which-typed-array@https://registry.npmjs.org/which-typed-array/-/which-typed-array-1.1.21.tgz. Extracting by manifest.
1039 silly tarball no local data for unbox-primitive@https://registry.npmjs.org/unbox-primitive/-/unbox-primitive-1.1.0.tgz. Extracting by manifest.
1040 silly tarball no local data for typed-array-byte-length@https://registry.npmjs.org/typed-array-byte-length/-/typed-array-byte-length-1.0.3.tgz. Extracting by manifest.
1041 silly tarball no local data for typed-array-byte-offset@https://registry.npmjs.org/typed-array-byte-offset/-/typed-array-byte-offset-1.0.4.tgz. Extracting by manifest.
1042 silly tarball no local data for typed-array-buffer@https://registry.npmjs.org/typed-array-buffer/-/typed-array-buffer-1.0.3.tgz. Extracting by manifest.
1043 silly tarball no local data for typed-array-length@https://registry.npmjs.org/typed-array-length/-/typed-array-length-1.0.8.tgz. Extracting by manifest.
1044 silly tarball no local data for string.prototype.trimend@https://registry.npmjs.org/string.prototype.trimend/-/string.prototype.trimend-1.0.9.tgz. Extracting by manifest.
1045 silly tarball no local data for string.prototype.trimstart@https://registry.npmjs.org/string.prototype.trimstart/-/string.prototype.trimstart-1.0.8.tgz. Extracting by manifest.
1046 silly tarball no local data for string.prototype.trim@https://registry.npmjs.org/string.prototype.trim/-/string.prototype.trim-1.2.10.tgz. Extracting by manifest.
1047 silly tarball no local data for stop-iteration-iterator@https://registry.npmjs.org/stop-iteration-iterator/-/stop-iteration-iterator-1.1.0.tgz. Extracting by manifest.
1048 silly tarball no local data for set-proto@https://registry.npmjs.org/set-proto/-/set-proto-1.0.0.tgz. Extracting by manifest.
1049 silly tarball no local data for safe-push-apply@https://registry.npmjs.org/safe-push-apply/-/safe-push-apply-1.0.0.tgz. Extracting by manifest.
1050 silly tarball no local data for safe-regex-test@https://registry.npmjs.org/safe-regex-test/-/safe-regex-test-1.1.0.tgz. Extracting by manifest.
1051 silly tarball no local data for safe-array-concat@https://registry.npmjs.org/safe-array-concat/-/safe-array-concat-1.1.4.tgz. Extracting by manifest.
1052 silly tarball no local data for own-keys@https://registry.npmjs.org/own-keys/-/own-keys-1.0.1.tgz. Extracting by manifest.
1053 silly tarball no local data for object.assign@https://registry.npmjs.org/object.assign/-/object.assign-4.1.7.tgz. Extracting by manifest.
1054 silly tarball no local data for is-typed-array@https://registry.npmjs.org/is-typed-array/-/is-typed-array-1.1.15.tgz. Extracting by manifest.
1055 silly tarball no local data for regexp.prototype.flags@https://registry.npmjs.org/regexp.prototype.flags/-/regexp.prototype.flags-1.5.4.tgz. Extracting by manifest.
1056 silly tarball no local data for is-string@https://registry.npmjs.org/is-string/-/is-string-1.1.1.tgz. Extracting by manifest.
1057 silly tarball no local data for is-shared-array-buffer@https://registry.npmjs.org/is-shared-array-buffer/-/is-shared-array-buffer-1.0.4.tgz. Extracting by manifest.
1058 silly tarball no local data for is-set@https://registry.npmjs.org/is-set/-/is-set-2.0.3.tgz. Extracting by manifest.
1059 silly tarball no local data for is-weakref@https://registry.npmjs.org/is-weakref/-/is-weakref-1.1.1.tgz. Extracting by manifest.
1060 silly tarball no local data for is-regex@https://registry.npmjs.org/is-regex/-/is-regex-1.2.1.tgz. Extracting by manifest.
1061 silly tarball no local data for is-negative-zero@https://registry.npmjs.org/is-negative-zero/-/is-negative-zero-2.0.3.tgz. Extracting by manifest.
1062 silly tarball no local data for internal-slot@https://registry.npmjs.org/internal-slot/-/internal-slot-1.1.0.tgz. Extracting by manifest.
1063 silly tarball no local data for is-data-view@https://registry.npmjs.org/is-data-view/-/is-data-view-1.0.2.tgz. Extracting by manifest.
1064 silly tarball no local data for is-callable@https://registry.npmjs.org/is-callable/-/is-callable-1.2.7.tgz. Extracting by manifest.
1065 silly tarball no local data for is-array-buffer@https://registry.npmjs.org/is-array-buffer/-/is-array-buffer-3.0.5.tgz. Extracting by manifest.
1066 silly tarball no local data for globalthis@https://registry.npmjs.org/globalthis/-/globalthis-1.0.4.tgz. Extracting by manifest.
1067 silly tarball no local data for get-symbol-description@https://registry.npmjs.org/get-symbol-description/-/get-symbol-description-1.1.0.tgz. Extracting by manifest.
1068 silly tarball no local data for has-proto@https://registry.npmjs.org/has-proto/-/has-proto-1.2.0.tgz. Extracting by manifest.
1069 silly tarball no local data for es-to-primitive@https://registry.npmjs.org/es-to-primitive/-/es-to-primitive-1.3.0.tgz. Extracting by manifest.
1070 silly tarball no local data for function.prototype.name@https://registry.npmjs.org/function.prototype.name/-/function.prototype.name-1.1.8.tgz. Extracting by manifest.
1071 silly tarball no local data for data-view-buffer@https://registry.npmjs.org/data-view-buffer/-/data-view-buffer-1.0.2.tgz. Extracting by manifest.
1072 silly tarball no local data for data-view-byte-offset@https://registry.npmjs.org/data-view-byte-offset/-/data-view-byte-offset-1.0.1.tgz. Extracting by manifest.
1073 silly tarball no local data for data-view-byte-length@https://registry.npmjs.org/data-view-byte-length/-/data-view-byte-length-1.0.2.tgz. Extracting by manifest.
1074 silly tarball no local data for available-typed-arrays@https://registry.npmjs.org/available-typed-arrays/-/available-typed-arrays-1.0.7.tgz. Extracting by manifest.
1075 silly tarball no local data for arraybuffer.prototype.slice@https://registry.npmjs.org/arraybuffer.prototype.slice/-/arraybuffer.prototype.slice-1.0.4.tgz. Extracting by manifest.
1076 silly tarball no local data for array-buffer-byte-length@https://registry.npmjs.org/array-buffer-byte-length/-/array-buffer-byte-length-1.0.2.tgz. Extracting by manifest.
1077 silly tarball no local data for object-keys@https://registry.npmjs.org/object-keys/-/object-keys-1.1.1.tgz. Extracting by manifest.
1078 silly tarball no local data for define-data-property@https://registry.npmjs.org/define-data-property/-/define-data-property-1.1.4.tgz. Extracting by manifest.
1079 silly tarball no local data for has-property-descriptors@https://registry.npmjs.org/has-property-descriptors/-/has-property-descriptors-1.0.2.tgz. Extracting by manifest.
1080 silly tarball no local data for set-function-length@https://registry.npmjs.org/set-function-length/-/set-function-length-1.2.2.tgz. Extracting by manifest.
1081 silly tarball no local data for es-shim-unscopables@https://registry.npmjs.org/es-shim-unscopables/-/es-shim-unscopables-1.1.0.tgz. Extracting by manifest.
1082 silly tarball no local data for call-bind@https://registry.npmjs.org/call-bind/-/call-bind-1.0.9.tgz. Extracting by manifest.
1083 silly tarball no local data for stealthy-require@https://registry.npmjs.org/stealthy-require/-/stealthy-require-1.1.1.tgz. Extracting by manifest.
1084 silly tarball no local data for define-properties@https://registry.npmjs.org/define-properties/-/define-properties-1.2.1.tgz. Extracting by manifest.
1085 silly tarball no local data for es-abstract@https://registry.npmjs.org/es-abstract/-/es-abstract-1.24.2.tgz. Extracting by manifest.
1086 silly tarball no local data for request-promise-core@https://registry.npmjs.org/request-promise-core/-/request-promise-core-1.1.3.tgz. Extracting by manifest.
1087 silly tarball no local data for uuid@https://registry.npmjs.org/uuid/-/uuid-8.3.2.tgz. Extracting by manifest.
1088 silly tarball no local data for request@https://registry.npmjs.org/request/-/request-2.88.2.tgz. Extracting by manifest.
1089 silly tarball no local data for tunnel-agent@https://registry.npmjs.org/tunnel-agent/-/tunnel-agent-0.6.0.tgz. Extracting by manifest.
1090 silly tarball no local data for isstream@https://registry.npmjs.org/isstream/-/isstream-0.1.2.tgz. Extracting by manifest.
1091 silly tarball no local data for performance-now@https://registry.npmjs.org/performance-now/-/performance-now-2.1.0.tgz. Extracting by manifest.
1092 silly tarball no local data for tough-cookie@https://registry.npmjs.org/tough-cookie/-/tough-cookie-5.1.2.tgz. Extracting by manifest.
1093 silly tarball no local data for json-stringify-safe@https://registry.npmjs.org/json-stringify-safe/-/json-stringify-safe-5.0.1.tgz. Extracting by manifest.
1094 silly tarball no local data for is-typedarray@https://registry.npmjs.org/is-typedarray/-/is-typedarray-1.0.0.tgz. Extracting by manifest.
1095 silly tarball no local data for forever-agent@https://registry.npmjs.org/forever-agent/-/forever-agent-0.6.1.tgz. Extracting by manifest.
1096 silly tarball no local data for http-signature@https://registry.npmjs.org/http-signature/-/http-signature-1.4.0.tgz. Extracting by manifest.
1097 silly tarball no local data for extend@https://registry.npmjs.org/extend/-/extend-3.0.2.tgz. Extracting by manifest.
1098 silly tarball no local data for aws4@https://registry.npmjs.org/aws4/-/aws4-1.13.2.tgz. Extracting by manifest.
1099 silly tarball no local data for aws-sign2@https://registry.npmjs.org/aws-sign2/-/aws-sign2-0.7.0.tgz. Extracting by manifest.
1100 silly tarball no local data for caseless@https://registry.npmjs.org/caseless/-/caseless-0.12.0.tgz. Extracting by manifest.
1101 silly tarball no local data for pump@https://registry.npmjs.org/pump/-/pump-2.0.1.tgz. Extracting by manifest.
1102 silly tarball no local data for eventemitter3@https://registry.npmjs.org/eventemitter3/-/eventemitter3-3.1.2.tgz. Extracting by manifest.
1103 silly tarball no local data for file-type@https://registry.npmjs.org/file-type/-/file-type-3.9.0.tgz. Extracting by manifest.
1104 silly tarball no local data for bl@https://registry.npmjs.org/bl/-/bl-1.2.3.tgz. Extracting by manifest.
1105 silly tarball no local data for array.prototype.findindex@https://registry.npmjs.org/array.prototype.findindex/-/array.prototype.findindex-2.2.4.tgz. Extracting by manifest.
1106 silly tarball no local data for node-red-contrib-telegrambot@https://registry.npmjs.org/node-red-contrib-telegrambot/-/node-red-contrib-telegrambot-17.4.12.tgz. Extracting by manifest.
1107 silly tarball no local data for socks-proxy-agent@https://registry.npmjs.org/socks-proxy-agent/-/socks-proxy-agent-8.0.5.tgz. Extracting by manifest.
1108 silly tarball no local data for bluebird@https://registry.npmjs.org/bluebird/-/bluebird-3.7.2.tgz. Extracting by manifest.
1109 silly tarball no local data for node-telegram-bot-api@https://registry.npmjs.org/node-telegram-bot-api/-/node-telegram-bot-api-0.66.0.tgz. Extracting by manifest.
1110 silly tarball no local data for jsprim@https://registry.npmjs.org/jsprim/-/jsprim-1.4.2.tgz. Extracting by manifest.
1111 silly tarball no local data for tough-cookie@https://registry.npmjs.org/tough-cookie/-/tough-cookie-2.5.0.tgz. Extracting by manifest.
1112 silly tarball no local data for @cypress/request-promise@https://registry.npmjs.org/@cypress/request-promise/-/request-promise-5.0.0.tgz. Extracting by manifest.
1113 silly tarball no local data for qs@https://registry.npmjs.org/qs/-/qs-6.5.5.tgz. Extracting by manifest.
1114 silly tarball no local data for http-signature@https://registry.npmjs.org/http-signature/-/http-signature-1.2.0.tgz. Extracting by manifest.
1115 silly tarball no local data for uuid@https://registry.npmjs.org/uuid/-/uuid-3.4.0.tgz. Extracting by manifest.
1116 silly tarball no local data for @cypress/request@https://registry.npmjs.org/@cypress/request/-/request-3.0.10.tgz. Extracting by manifest.
1117 silly tarball no local data for readable-stream@https://registry.npmjs.org/readable-stream/-/readable-stream-2.3.8.tgz. Extracting by manifest.
1118 silly tarball no local data for form-data@https://registry.npmjs.org/form-data/-/form-data-2.3.3.tgz. Extracting by manifest.
1119 silly tarball no local data for string_decoder@https://registry.npmjs.org/string_decoder/-/string_decoder-1.1.1.tgz. Extracting by manifest.
1120 silly tarball no local data for isarray@https://registry.npmjs.org/isarray/-/isarray-1.0.0.tgz. Extracting by manifest.
1121 silly tarball no local data for safe-buffer@https://registry.npmjs.org/safe-buffer/-/safe-buffer-5.1.2.tgz. Extracting by manifest.
1122 silly tarball no local data for agent-base@https://registry.npmjs.org/agent-base/-/agent-base-7.1.4.tgz. Extracting by manifest.
1123 silly tarball no local data for tough-cookie@https://registry.npmjs.org/tough-cookie/-/tough-cookie-4.1.4.tgz. Extracting by manifest.
1124 silly tarball no local data for qs@https://registry.npmjs.org/qs/-/qs-6.14.2.tgz. Extracting by manifest.
1125 http fetch GET 200 https://registry.npmjs.org/querystringify/-/querystringify-2.2.0.tgz 2373ms (cache miss)
1126 http fetch GET 200 https://registry.npmjs.org/universalify/-/universalify-0.2.0.tgz 2398ms (cache miss)
1127 http fetch GET 200 https://registry.npmjs.org/process-nextick-args/-/process-nextick-args-2.0.1.tgz 2424ms (cache miss)
1128 http fetch GET 200 https://registry.npmjs.org/requires-port/-/requires-port-1.0.0.tgz 2470ms (cache miss)
1129 http fetch GET 200 https://registry.npmjs.org/is-weakmap/-/is-weakmap-2.0.2.tgz 2900ms (cache miss)
1130 http fetch GET 200 https://registry.npmjs.org/is-weakset/-/is-weakset-2.0.4.tgz 2986ms (cache miss)
1131 http fetch GET 200 https://registry.npmjs.org/is-map/-/is-map-2.0.3.tgz 2995ms (cache miss)
1132 http fetch GET 200 https://registry.npmjs.org/is-bigint/-/is-bigint-1.1.0.tgz 4462ms (cache miss)
1133 http fetch GET 200 https://registry.npmjs.org/generator-function/-/generator-function-2.0.1.tgz 4495ms (cache miss)
1134 http fetch GET 200 https://registry.npmjs.org/async-function/-/async-function-1.0.0.tgz 4590ms (cache miss)
1135 http fetch GET 200 https://registry.npmjs.org/which-boxed-primitive/-/which-boxed-primitive-1.1.1.tgz 5013ms (cache miss)
1136 http fetch GET 200 https://registry.npmjs.org/for-each/-/for-each-0.3.5.tgz 5040ms (cache miss)
1137 http fetch GET 200 https://registry.npmjs.org/has-bigints/-/has-bigints-1.1.0.tgz 5057ms (cache miss)
1138 http fetch GET 200 https://registry.npmjs.org/punycode/-/punycode-2.3.1.tgz 5125ms (cache miss)
1139 http fetch GET 200 https://registry.npmjs.org/url-parse/-/url-parse-1.5.10.tgz 5585ms (cache miss)
1140 http fetch GET 200 https://registry.npmjs.org/is-number-object/-/is-number-object-1.1.1.tgz 5765ms (cache miss)
1141 http fetch GET 200 https://registry.npmjs.org/is-boolean-object/-/is-boolean-object-1.2.2.tgz 5966ms (cache miss)
1142 http fetch GET 200 https://registry.npmjs.org/which-builtin-type/-/which-builtin-type-1.2.1.tgz 5991ms (cache miss)
1143 http fetch GET 200 https://registry.npmjs.org/jsbn/-/jsbn-0.1.1.tgz 6078ms (cache miss)
1144 http fetch GET 200 https://registry.npmjs.org/asn1/-/asn1-0.2.6.tgz 6340ms (cache miss)
1145 http fetch GET 200 https://registry.npmjs.org/ecc-jsbn/-/ecc-jsbn-0.1.2.tgz 6344ms (cache miss)
1146 http fetch GET 200 https://registry.npmjs.org/bcrypt-pbkdf/-/bcrypt-pbkdf-1.0.2.tgz 6462ms (cache miss)
1147 http fetch GET 200 https://registry.npmjs.org/reflect.getprototypeof/-/reflect.getprototypeof-1.0.10.tgz 6576ms (cache miss)
1148 http fetch GET 200 https://registry.npmjs.org/getpass/-/getpass-0.1.7.tgz 6630ms (cache miss)
1149 http fetch GET 200 https://registry.npmjs.org/is-async-function/-/is-async-function-2.1.1.tgz 6686ms (cache miss)
1150 http fetch GET 200 https://registry.npmjs.org/fast-json-stable-stringify/-/fast-json-stable-stringify-2.1.0.tgz 6811ms (cache miss)
1151 http fetch GET 200 https://registry.npmjs.org/isarray/-/isarray-2.0.5.tgz 7169ms (cache miss)
1152 http fetch GET 200 https://registry.npmjs.org/dashdash/-/dashdash-1.14.1.tgz 7363ms (cache miss)
1153 http fetch GET 200 https://registry.npmjs.org/verror/-/verror-1.10.0.tgz 7415ms (cache miss)
1154 http fetch GET 200 https://registry.npmjs.org/har-validator/-/har-validator-5.1.5.tgz 7470ms (cache miss)
1155 warn deprecated har-validator@5.1.5: this library is no longer supported
1156 http fetch GET 200 https://registry.npmjs.org/json-schema/-/json-schema-0.4.0.tgz 7499ms (cache miss)
1157 http fetch GET 200 https://registry.npmjs.org/end-of-stream/-/end-of-stream-1.4.5.tgz 7560ms (cache miss)
1158 http fetch GET 200 https://registry.npmjs.org/set-function-name/-/set-function-name-2.0.2.tgz 7706ms (cache miss)
1159 http fetch GET 200 https://registry.npmjs.org/typed-array-byte-length/-/typed-array-byte-length-1.0.3.tgz 7707ms (cache miss)
1160 http fetch GET 200 https://registry.npmjs.org/typed-array-length/-/typed-array-length-1.0.8.tgz 7715ms (cache miss)
1161 http fetch GET 200 https://registry.npmjs.org/typed-array-buffer/-/typed-array-buffer-1.0.3.tgz 7726ms (cache miss)
1162 http fetch GET 200 https://registry.npmjs.org/typed-array-byte-offset/-/typed-array-byte-offset-1.0.4.tgz 7728ms (cache miss)
1163 http fetch GET 200 https://registry.npmjs.org/har-schema/-/har-schema-2.0.0.tgz 7789ms (cache miss)
1164 http fetch GET 200 https://registry.npmjs.org/string.prototype.trimend/-/string.prototype.trimend-1.0.9.tgz 7813ms (cache miss)
1165 http fetch GET 200 https://registry.npmjs.org/string.prototype.trimstart/-/string.prototype.trimstart-1.0.8.tgz 7821ms (cache miss)
1166 http fetch GET 200 https://registry.npmjs.org/safe-regex-test/-/safe-regex-test-1.1.0.tgz 7824ms (cache miss)
1167 http fetch GET 200 https://registry.npmjs.org/safe-array-concat/-/safe-array-concat-1.1.4.tgz 7829ms (cache miss)
1168 http fetch GET 200 https://registry.npmjs.org/is-typed-array/-/is-typed-array-1.1.15.tgz 7845ms (cache miss)
1169 http fetch GET 200 https://registry.npmjs.org/is-string/-/is-string-1.1.1.tgz 7865ms (cache miss)
1170 http fetch GET 200 https://registry.npmjs.org/is-set/-/is-set-2.0.3.tgz 7861ms (cache miss)
1171 http fetch GET 200 https://registry.npmjs.org/is-shared-array-buffer/-/is-shared-array-buffer-1.0.4.tgz 7877ms (cache miss)
1172 http fetch GET 200 https://registry.npmjs.org/set-proto/-/set-proto-1.0.0.tgz 7906ms (cache miss)
1173 http fetch GET 200 https://registry.npmjs.org/functions-have-names/-/functions-have-names-1.2.3.tgz 7989ms (cache miss)
1174 http fetch GET 200 https://registry.npmjs.org/is-regex/-/is-regex-1.2.1.tgz 7979ms (cache miss)
1175 http fetch GET 200 https://registry.npmjs.org/json-schema-traverse/-/json-schema-traverse-0.4.1.tgz 8051ms (cache miss)
1176 http fetch GET 200 https://registry.npmjs.org/is-negative-zero/-/is-negative-zero-2.0.3.tgz 7986ms (cache miss)
1177 http fetch GET 200 https://registry.npmjs.org/is-data-view/-/is-data-view-1.0.2.tgz 8019ms (cache miss)
1178 http fetch GET 200 https://registry.npmjs.org/unbox-primitive/-/unbox-primitive-1.1.0.tgz 8077ms (cache miss)
1179 http fetch GET 200 https://registry.npmjs.org/get-symbol-description/-/get-symbol-description-1.1.0.tgz 8084ms (cache miss)
1180 http fetch GET 200 https://registry.npmjs.org/has-proto/-/has-proto-1.2.0.tgz 8131ms (cache miss)
1181 http fetch GET 200 https://registry.npmjs.org/function.prototype.name/-/function.prototype.name-1.1.8.tgz 8132ms (cache miss)
1182 http fetch GET 200 https://registry.npmjs.org/data-view-byte-length/-/data-view-byte-length-1.0.2.tgz 8138ms (cache miss)
1183 http fetch GET 200 https://registry.npmjs.org/stop-iteration-iterator/-/stop-iteration-iterator-1.1.0.tgz 8235ms (cache miss)
1184 http fetch GET 200 https://registry.npmjs.org/arraybuffer.prototype.slice/-/arraybuffer.prototype.slice-1.0.4.tgz 8236ms (cache miss)
1185 http fetch GET 200 https://registry.npmjs.org/available-typed-arrays/-/available-typed-arrays-1.0.7.tgz 8237ms (cache miss)
1186 http fetch GET 200 https://registry.npmjs.org/array-buffer-byte-length/-/array-buffer-byte-length-1.0.2.tgz 8247ms (cache miss)
1187 http fetch GET 200 https://registry.npmjs.org/has-property-descriptors/-/has-property-descriptors-1.0.2.tgz 8310ms (cache miss)
1188 http fetch GET 200 https://registry.npmjs.org/is-date-object/-/is-date-object-1.1.0.tgz 8391ms (cache miss)
1189 http fetch GET 200 https://registry.npmjs.org/stealthy-require/-/stealthy-require-1.1.1.tgz 8328ms (cache miss)
1190 http fetch GET 200 https://registry.npmjs.org/call-bind/-/call-bind-1.0.9.tgz 8336ms (cache miss)
1191 http fetch GET 200 https://registry.npmjs.org/is-symbol/-/is-symbol-1.1.1.tgz 8415ms (cache miss)
1192 http fetch GET 200 https://registry.npmjs.org/define-properties/-/define-properties-1.2.1.tgz 8344ms (cache miss)
1193 http fetch GET 200 https://registry.npmjs.org/request-promise-core/-/request-promise-core-1.1.3.tgz 8350ms (cache miss)
1194 http fetch GET 200 https://registry.npmjs.org/is-weakref/-/is-weakref-1.1.1.tgz 8424ms (cache miss)
1195 http fetch GET 200 https://registry.npmjs.org/performance-now/-/performance-now-2.1.0.tgz 8400ms (cache miss)
1196 http fetch GET 200 https://registry.npmjs.org/oauth-sign/-/oauth-sign-0.9.0.tgz 8512ms (cache miss)
1197 http fetch GET 200 https://registry.npmjs.org/tunnel-agent/-/tunnel-agent-0.6.0.tgz 8413ms (cache miss)
1198 http fetch GET 200 https://registry.npmjs.org/extend/-/extend-3.0.2.tgz 8408ms (cache miss)
1199 http fetch GET 200 https://registry.npmjs.org/is-typedarray/-/is-typedarray-1.0.0.tgz 8424ms (cache miss)
1200 http fetch GET 200 https://registry.npmjs.org/data-view-byte-offset/-/data-view-byte-offset-1.0.1.tgz 8470ms (cache miss)
1201 http fetch GET 200 https://registry.npmjs.org/aws4/-/aws4-1.13.2.tgz 8432ms (cache miss)
1202 http fetch GET 200 https://registry.npmjs.org/pump/-/pump-2.0.1.tgz 8438ms (cache miss)
1203 http fetch GET 200 https://registry.npmjs.org/aws-sign2/-/aws-sign2-0.7.0.tgz 8445ms (cache miss)
1204 http fetch GET 200 https://registry.npmjs.org/eventemitter3/-/eventemitter3-3.1.2.tgz 8493ms (cache miss)
1205 http fetch GET 200 https://registry.npmjs.org/array.prototype.findindex/-/array.prototype.findindex-2.2.4.tgz 8493ms (cache miss)
1206 http fetch GET 200 https://registry.npmjs.org/regexp.prototype.flags/-/regexp.prototype.flags-1.5.4.tgz 8613ms (cache miss)
1207 http fetch GET 200 https://registry.npmjs.org/file-type/-/file-type-3.9.0.tgz 8537ms (cache miss)
1208 http fetch GET 200 https://registry.npmjs.org/jsprim/-/jsprim-1.4.2.tgz 8543ms (cache miss)
1209 http fetch GET 200 https://registry.npmjs.org/socks-proxy-agent/-/socks-proxy-agent-8.0.5.tgz 8550ms (cache miss)
1210 http fetch GET 200 https://registry.npmjs.org/assert-plus/-/assert-plus-1.0.0.tgz 8692ms (cache miss)
1211 http fetch GET 200 https://registry.npmjs.org/core-util-is/-/core-util-is-1.0.2.tgz 8766ms (cache miss)
1212 http fetch GET 200 https://registry.npmjs.org/agent-base/-/agent-base-7.1.4.tgz 8594ms (cache miss)
1213 http fetch GET 200 https://registry.npmjs.org/http-signature/-/http-signature-1.2.0.tgz 8616ms (cache miss)
1214 http fetch GET 200 https://registry.npmjs.org/string_decoder/-/string_decoder-1.1.1.tgz 8618ms (cache miss)
1215 http fetch GET 200 https://registry.npmjs.org/isarray/-/isarray-1.0.0.tgz 8623ms (cache miss)
1216 http fetch GET 200 https://registry.npmjs.org/possible-typed-array-names/-/possible-typed-array-names-1.1.0.tgz 8751ms (cache miss)
1217 http fetch GET 200 https://registry.npmjs.org/safe-buffer/-/safe-buffer-5.1.2.tgz 8636ms (cache miss)
1218 http fetch GET 200 https://registry.npmjs.org/internal-slot/-/internal-slot-1.1.0.tgz 8776ms (cache miss)
1219 http fetch GET 200 https://registry.npmjs.org/forever-agent/-/forever-agent-0.6.1.tgz 8793ms (cache miss)
1220 http fetch GET 200 https://registry.npmjs.org/data-view-buffer/-/data-view-buffer-1.0.2.tgz 8844ms (cache miss)
1221 http fetch GET 200 https://registry.npmjs.org/bl/-/bl-1.2.3.tgz 8886ms (cache miss)
1222 http fetch GET 200 https://registry.npmjs.org/set-function-length/-/set-function-length-1.2.2.tgz 8933ms (cache miss)
1223 http fetch GET 200 https://registry.npmjs.org/json-stringify-safe/-/json-stringify-safe-5.0.1.tgz 9008ms (cache miss)
1224 http fetch GET 200 https://registry.npmjs.org/isstream/-/isstream-0.1.2.tgz 9019ms (cache miss)
1225 http fetch GET 200 https://registry.npmjs.org/caseless/-/caseless-0.12.0.tgz 9030ms (cache miss)
1226 http fetch GET 200 https://registry.npmjs.org/define-data-property/-/define-data-property-1.1.4.tgz 9091ms (cache miss)
1227 http fetch GET 200 https://registry.npmjs.org/own-keys/-/own-keys-1.0.1.tgz 9285ms (cache miss)
1228 http fetch GET 200 https://registry.npmjs.org/safe-push-apply/-/safe-push-apply-1.0.0.tgz 9290ms (cache miss)
1229 http fetch GET 200 https://registry.npmjs.org/@cypress/request-promise/-/request-promise-5.0.0.tgz 9338ms (cache miss)
1230 http fetch GET 200 https://registry.npmjs.org/tweetnacl/-/tweetnacl-0.14.5.tgz 9656ms (cache miss)
1231 http fetch GET 200 https://registry.npmjs.org/fast-deep-equal/-/fast-deep-equal-3.1.3.tgz 9672ms (cache miss)
1232 http fetch GET 200 https://registry.npmjs.org/is-finalizationregistry/-/is-finalizationregistry-1.1.1.tgz 9828ms (cache miss)
1233 http fetch GET 200 https://registry.npmjs.org/which-collection/-/which-collection-1.0.2.tgz 9845ms (cache miss)
1234 http fetch GET 200 https://registry.npmjs.org/extsprintf/-/extsprintf-1.3.0.tgz 10008ms (cache miss)
1235 http fetch GET 200 https://registry.npmjs.org/form-data/-/form-data-2.3.3.tgz 9902ms (cache miss)
1236 http fetch GET 200 https://registry.npmjs.org/es-shim-unscopables/-/es-shim-unscopables-1.1.0.tgz 9970ms (cache miss)
1237 http fetch GET 200 https://registry.npmjs.org/is-array-buffer/-/is-array-buffer-3.0.5.tgz 10058ms (cache miss)
1238 http fetch GET 200 https://registry.npmjs.org/object-keys/-/object-keys-1.1.1.tgz 10116ms (cache miss)
1239 http fetch GET 200 https://registry.npmjs.org/jsprim/-/jsprim-2.0.2.tgz 10239ms (cache miss)
1240 http fetch GET 200 https://registry.npmjs.org/http-signature/-/http-signature-1.4.0.tgz 10160ms (cache miss)
1241 http fetch GET 200 https://registry.npmjs.org/is-callable/-/is-callable-1.2.7.tgz 10445ms (cache miss)
1242 http fetch GET 200 https://registry.npmjs.org/which-typed-array/-/which-typed-array-1.1.21.tgz 10544ms (cache miss)
1243 http fetch GET 200 https://registry.npmjs.org/tough-cookie/-/tough-cookie-2.5.0.tgz 10600ms (cache miss)
1244 http fetch GET 200 https://registry.npmjs.org/smart-buffer/-/smart-buffer-4.2.0.tgz 11001ms (cache miss)
1245 http fetch GET 200 https://registry.npmjs.org/is-generator-function/-/is-generator-function-1.1.2.tgz 11050ms (cache miss)
1246 http fetch GET 200 https://registry.npmjs.org/es-to-primitive/-/es-to-primitive-1.3.0.tgz 11045ms (cache miss)
1247 http fetch GET 200 https://registry.npmjs.org/object.assign/-/object.assign-4.1.7.tgz 11140ms (cache miss)
1248 http fetch GET 200 https://registry.npmjs.org/uuid/-/uuid-3.4.0.tgz 11120ms (cache miss)
1249 warn deprecated uuid@3.4.0: uuid@10 and below is no longer supported.  For ESM codebases, update to uuid@latest.  For CommonJS codebases, use uuid@11 (but be aware this version will likely be deprecated in 2028).
1250 http fetch GET 200 https://registry.npmjs.org/tough-cookie/-/tough-cookie-4.1.4.tgz 11255ms (cache miss)
1251 http fetch GET 200 https://registry.npmjs.org/string.prototype.trim/-/string.prototype.trim-1.2.10.tgz 11465ms (cache miss)
1252 http fetch GET 200 https://registry.npmjs.org/globalthis/-/globalthis-1.0.4.tgz 11494ms (cache miss)
1253 http fetch GET 200 https://registry.npmjs.org/qs/-/qs-6.5.5.tgz 11521ms (cache miss)
1254 http fetch GET 200 https://registry.npmjs.org/@cypress/request/-/request-3.0.10.tgz 11611ms (cache miss)
1255 http fetch GET 200 https://registry.npmjs.org/request/-/request-2.88.2.tgz 11949ms (cache miss)
1256 warn deprecated request@2.88.2: request has been deprecated, see https://github.com/request/request/issues/3142
1257 http fetch GET 200 https://registry.npmjs.org/readable-stream/-/readable-stream-2.3.8.tgz 12236ms (cache miss)
1258 http fetch GET 200 https://registry.npmjs.org/psl/-/psl-1.15.0.tgz 12653ms (cache miss)
1259 http fetch GET 200 https://registry.npmjs.org/qs/-/qs-6.14.2.tgz 12716ms (cache miss)
1260 http fetch GET 200 https://registry.npmjs.org/node-telegram-bot-api/-/node-telegram-bot-api-0.66.0.tgz 13044ms (cache miss)
1261 http fetch GET 200 https://registry.npmjs.org/ip-address/-/ip-address-10.2.0.tgz 13746ms (cache miss)
1262 http fetch GET 200 https://registry.npmjs.org/sshpk/-/sshpk-1.18.0.tgz 14162ms (cache miss)
1263 http fetch GET 200 https://registry.npmjs.org/socks/-/socks-2.8.9.tgz 14192ms (cache miss)
1264 http fetch GET 200 https://registry.npmjs.org/tough-cookie/-/tough-cookie-5.1.2.tgz 14648ms (cache miss)
1265 http fetch GET 200 https://registry.npmjs.org/bluebird/-/bluebird-3.7.2.tgz 16307ms (cache miss)
1266 http fetch GET 200 https://registry.npmjs.org/uuid/-/uuid-8.3.2.tgz 16576ms (cache miss)
1267 warn deprecated uuid@8.3.2: uuid@10 and below is no longer supported.  For ESM codebases, update to uuid@latest.  For CommonJS codebases, use uuid@11 (but be aware this version will likely be deprecated in 2028).
1268 http fetch GET 200 https://registry.npmjs.org/uri-js/-/uri-js-4.4.1.tgz 16951ms (cache miss)
1269 http fetch GET 200 https://registry.npmjs.org/tldts/-/tldts-6.1.86.tgz 17628ms (cache miss)
1270 http fetch GET 200 https://registry.npmjs.org/tldts-core/-/tldts-core-6.1.86.tgz 19109ms (cache miss)
1271 http fetch GET 200 https://registry.npmjs.org/ajv/-/ajv-6.15.0.tgz 19482ms (cache miss)
1272 http fetch GET 200 https://registry.npmjs.org/node-red-contrib-telegrambot/-/node-red-contrib-telegrambot-17.4.12.tgz 21864ms (cache miss)
1273 http fetch GET 200 https://registry.npmjs.org/lodash/-/lodash-4.18.1.tgz 25594ms (cache miss)
1274 http fetch GET 200 https://registry.npmjs.org/es-abstract/-/es-abstract-1.24.2.tgz 35407ms (cache miss)
1275 silly ADD node_modules/process-nextick-args
1276 silly ADD node_modules/requires-port
1277 silly ADD node_modules/querystringify
1278 silly ADD node_modules/url-parse
1279 silly ADD node_modules/universalify
1280 silly ADD node_modules/psl
1281 silly ADD node_modules/is-weakset
1282 silly ADD node_modules/is-weakmap
1283 silly ADD node_modules/is-map
1284 silly ADD node_modules/generator-function
1285 silly ADD node_modules/async-function
1286 silly ADD node_modules/which-collection
1287 silly ADD node_modules/is-generator-function
1288 silly ADD node_modules/is-finalizationregistry
1289 silly ADD node_modules/is-async-function
1290 silly ADD node_modules/is-number-object
1291 silly ADD node_modules/is-boolean-object
1292 silly ADD node_modules/is-bigint
1293 silly ADD node_modules/core-util-is
1294 silly ADD node_modules/punycode
1295 silly ADD node_modules/which-boxed-primitive
1296 silly ADD node_modules/has-bigints
1297 silly ADD node_modules/which-builtin-type
1298 silly ADD node_modules/reflect.getprototypeof
1299 silly ADD node_modules/for-each
1300 silly ADD node_modules/tldts-core
1301 silly ADD node_modules/tldts
1302 silly ADD node_modules/tweetnacl
1303 silly ADD node_modules/jsbn
1304 silly ADD node_modules/getpass
1305 silly ADD node_modules/ecc-jsbn
1306 silly ADD node_modules/dashdash
1307 silly ADD node_modules/bcrypt-pbkdf
1308 silly ADD node_modules/asn1
1309 silly ADD node_modules/smart-buffer
1310 silly ADD node_modules/ip-address
1311 silly ADD node_modules/socks
1312 silly ADD node_modules/isarray
1313 silly ADD node_modules/lodash
1314 silly ADD node_modules/uri-js
1315 silly ADD node_modules/json-schema-traverse
1316 silly ADD node_modules/fast-json-stable-stringify
1317 silly ADD node_modules/fast-deep-equal
1318 silly ADD node_modules/har-schema
1319 silly ADD node_modules/ajv
1320 silly ADD node_modules/oauth-sign
1321 silly ADD node_modules/har-validator
1322 silly ADD node_modules/set-function-name
1323 silly ADD node_modules/end-of-stream
1324 silly ADD node_modules/verror
1325 silly ADD node_modules/json-schema
1326 silly ADD node_modules/extsprintf
1327 silly ADD node_modules/sshpk
1328 silly ADD node_modules/jsprim
1329 silly ADD node_modules/assert-plus
1330 silly ADD node_modules/functions-have-names
1331 silly ADD node_modules/is-symbol
1332 silly ADD node_modules/is-date-object
1333 silly ADD node_modules/possible-typed-array-names
1334 silly ADD node_modules/which-typed-array
1335 silly ADD node_modules/unbox-primitive
1336 silly ADD node_modules/typed-array-length
1337 silly ADD node_modules/typed-array-byte-offset
1338 silly ADD node_modules/typed-array-byte-length
1339 silly ADD node_modules/typed-array-buffer
1340 silly ADD node_modules/string.prototype.trimstart
1341 silly ADD node_modules/string.prototype.trimend
1342 silly ADD node_modules/string.prototype.trim
1343 silly ADD node_modules/stop-iteration-iterator
1344 silly ADD node_modules/set-proto
1345 silly ADD node_modules/safe-regex-test
1346 silly ADD node_modules/safe-push-apply
1347 silly ADD node_modules/safe-array-concat
1348 silly ADD node_modules/regexp.prototype.flags
1349 silly ADD node_modules/own-keys
1350 silly ADD node_modules/object.assign
1351 silly ADD node_modules/is-weakref
1352 silly ADD node_modules/is-typed-array
1353 silly ADD node_modules/is-string
1354 silly ADD node_modules/is-shared-array-buffer
1355 silly ADD node_modules/is-set
1356 silly ADD node_modules/is-regex
1357 silly ADD node_modules/is-negative-zero
1358 silly ADD node_modules/is-data-view
1359 silly ADD node_modules/is-callable
1360 silly ADD node_modules/is-array-buffer
1361 silly ADD node_modules/internal-slot
1362 silly ADD node_modules/has-proto
1363 silly ADD node_modules/globalthis
1364 silly ADD node_modules/get-symbol-description
1365 silly ADD node_modules/function.prototype.name
1366 silly ADD node_modules/es-to-primitive
1367 silly ADD node_modules/data-view-byte-offset
1368 silly ADD node_modules/data-view-byte-length
1369 silly ADD node_modules/data-view-buffer
1370 silly ADD node_modules/available-typed-arrays
1371 silly ADD node_modules/arraybuffer.prototype.slice
1372 silly ADD node_modules/array-buffer-byte-length
1373 silly ADD node_modules/object-keys
1374 silly ADD node_modules/has-property-descriptors
1375 silly ADD node_modules/define-data-property
1376 silly ADD node_modules/set-function-length
1377 silly ADD node_modules/es-shim-unscopables
1378 silly ADD node_modules/es-abstract
1379 silly ADD node_modules/define-properties
1380 silly ADD node_modules/call-bind
1381 silly ADD node_modules/stealthy-require
1382 silly ADD node_modules/request
1383 silly ADD node_modules/request/node_modules/jsprim
1384 silly ADD node_modules/request/node_modules/uuid
1385 silly ADD node_modules/request/node_modules/tough-cookie
1386 silly ADD node_modules/request/node_modules/qs
1387 silly ADD node_modules/request/node_modules/http-signature
1388 silly ADD node_modules/request/node_modules/form-data
1389 silly ADD node_modules/request-promise-core
1390 silly ADD node_modules/uuid
1391 silly ADD node_modules/tunnel-agent
1392 silly ADD node_modules/tough-cookie
1393 silly ADD node_modules/performance-now
1394 silly ADD node_modules/json-stringify-safe
1395 silly ADD node_modules/isstream
1396 silly ADD node_modules/is-typedarray
1397 silly ADD node_modules/http-signature
1398 silly ADD node_modules/forever-agent
1399 silly ADD node_modules/extend
1400 silly ADD node_modules/caseless
1401 silly ADD node_modules/aws4
1402 silly ADD node_modules/aws-sign2
1403 silly ADD node_modules/pump
1404 silly ADD node_modules/file-type
1405 silly ADD node_modules/eventemitter3
1406 silly ADD node_modules/bl
1407 silly ADD node_modules/bl/node_modules/string_decoder
1408 silly ADD node_modules/bl/node_modules/safe-buffer
1409 silly ADD node_modules/bl/node_modules/isarray
1410 silly ADD node_modules/bl/node_modules/readable-stream
1411 silly ADD node_modules/array.prototype.findindex
1412 silly ADD node_modules/@cypress/request-promise
1413 silly ADD node_modules/@cypress/request-promise/node_modules/tough-cookie
1414 silly ADD node_modules/@cypress/request
1415 silly ADD node_modules/@cypress/request/node_modules/qs
1416 silly ADD node_modules/socks-proxy-agent
1417 silly ADD node_modules/socks-proxy-agent/node_modules/ms
1418 silly ADD node_modules/socks-proxy-agent/node_modules/debug
1419 silly ADD node_modules/socks-proxy-agent/node_modules/agent-base
1420 silly ADD node_modules/node-telegram-bot-api
1421 silly ADD node_modules/node-telegram-bot-api/node_modules/ms
1422 silly ADD node_modules/node-telegram-bot-api/node_modules/debug
1423 silly ADD node_modules/bluebird
1424 silly ADD node_modules/node-red-contrib-telegrambot
1425 verbose cwd /data
1426 verbose os Linux 5.15.167.4-microsoft-standard-WSL2
1427 verbose node v20.20.2
1428 verbose npm  v10.9.8
1429 verbose exit 0
1430 info ok
